https://immobilienscout24.at/expose/6a0461a4da02f883383e25cc	550000	Historisches Bauernhaus in Taxenbach (Hopfberg) – 
https://immobilien.net/immobilie/5505-muehlbach-am-hochkoenig/einfamilienhaus-mit-zimmervermietung-in-muehlbach-6a39537381af2ba6547d882d	450000	Einfamilienhaus mit Zimmervermietung in Mühlbach (
https://immobilienscout24.at/expose/69f2f9bc959fe195d6051cbd	249000	Landhaus in Muhr: großzügig, 3 Balkone, Garage
https://immobilien.net/immobilie/5552-forstau/alpenresidenz-mit-beheiztem-pool-und-dachsteinblick-traumlage-zwischen-reiteralm-und-fageralm-ski-amade-68ef6f6e8c4b5843c5d42926	None	Alpenresidenz mit beheiztem Pool & Dachsteinblick 
https://immobilien.net/immobilie/5583-muhr/landhaus-in-muhr-grosszuegige-flaeche-3-balkone-garage-und-mehr-6a27df7e07fb9c0a32f15305	249000	Landhaus in Muhr: Grosszuegige Flaeche, 3 Balkone,
https://immobilien.net/immobilie/5591-ramingstein/ihr-platz-in-den-alpen-charmantes-haus-im-lungau-6a3d050b3e3fb64b50cc9608	265000	Ihr Platz in den Alpen - Charmantes Haus im Lungau
https://immobilien.net/immobilie/5612-grossarl-huettschlag/leben-und-geniessen-im-nationalpark-hohe-tauern-6a0365b0e9613f27f26059b9	None	Leben und geniessen im Nationalpark Hohe Tauern!
https://immobilien.net/immobilie/5640-bad-gastein/zwischen-gaemsen-und-waeldern-privates-berghaeuschen-ueber-bad-gastein-69fcae45dcddabf34d259eb0	649000	Zwischen Gaemsen und Waeldern - privates Berghaeus
https://immobilienscout24.at/expose/69cc61f9947be8492071459b	420000	Koffer packen und einziehen - Einfamilienhaus in S
https://immo.sn.at/immobilien/leben-zwischen-natur-zentrum-einfamilienhaus-in-schwarzach-GV4XN5	579000	"Leben zwischen Natur & Zentrum" - Einfamilienhaus
https://immo.sn.at/immobilien/traditionelles-bauernhaus-mit-bar-sauna-in-maishofen-GVJS2P	650000	Traditionelles Bauernhaus mit Bar & Sauna in Maish
https://immobilien.net/immobilie/5581-sankt-margarethen-im-lungau/geraeumiges-einfamilienhaus-6a3e13be2c543a196227da55	182300	Geraeumiges Einfamilienhaus (Zwangsversteigerung)
https://immo.sn.at/immobilien/alpin-chalet-in-wunderschoener-alleinlage-GTM7M3	None	Alpin-Chalet in wunderschöner Alleinlage
https://dibeo.at/expose/2215190	599000	PREISREDUKTION! Bergkino – Haus mit Panoramaausbli
https://immobilienscout24.at/expose/66fae2393329da6f9cccb17a	None	Bergbauernhof in Alleinlage mit ca. 17 ha Fläche
https://immobilien.net/immobilie/5572-sankt-andrae-im-lungau/ihr-neues-zuhause-in-traumhafter-lage-6a17fd6aee54dcca09075c27	849000	Ihr neues Zuhause in traumhafter Lage - Einfamilie
https://immobilien.net/immobilie/5570-mauterndorf/wohlfuehloase-einfamilienhaus-mit-wellnessbereich-in-mauterndorf-67d0058be9ded278b971a6ad	890000	Wohlfühloase! Einfamilienhaus mit Wellnessbereich 
https://immobilien.net/immobilie/5621-st-veit-im-pongau/haus-in-sonniger-lage-mit-2-eigenstaendigen-wohnungen-in-st-veit-im-pongau-6a30f31d7766326d8cfb13ab	850000	Haus in sonniger Lage mit 2 eigenständigen Wohnung
https://immobilienscout24.at/expose/68dd0ffee3547c4c33922428	None	Alpin-Chalet in wunderschöner Alleinlage
https://immobilienscout24.at/expose/6a462ac773ae1e39c052c089	600000	Anthering: Liegenschaft in idyllischer Alleinlage 
https://immobilien.net/immobilie/5585-unternberg/baugrundstueck-mit-panoramablick-6a2030ab634c6a06eb94a595	125000	Baugrundstück mit Panoramablick - Unternberg im Lu
https://immobilien.net/immobilie/5760-saalfelden-am-steinernen-meer/charmantes-anwesen-in-hanglage-mit-atemberaubendem-bergpanorama-69d79a19d12e56cdbeb30b55	780000	Charmantes Anwesen in Hanglage mit atemberaubendem
https://immobilien.net/immobilie/5570-mauterndorf/wohnhaus-mit-ferienwohnung-garten-und-terrasse-in-mauterndorf-6a391a83a285f688987ab528	500000	Wohnhaus mit Ferienwohnung, Garten und Terrasse in
https://immobilienscout24.at/expose/6a17fd6aee54dcca09075c27	849000	Ihr neues Zuhause in traumhafter Lage (Lintsching,
https://immmo.at/detail/1535325828?c=0	650000	Traditionelles Bauernhaus, mit Bar & Sauna in Mais
https://immobilienscout24.at/expose/6a27df7e07fb9c0a32f15305	249000	Landhaus in Muhr: Großzügige Fläche, 3 Balkone, Ga
https://immobilien.net/immobilie/5733-bramberg-am-wildkogel/unverbaubare-ruhige-panoramalage-ihr-rueckzugsort-in-den-bergen-neuwertiges-grosses-wohnhaus-68544c0c8b027095b7e85a75	None	Unverbaubare, ruhige Panoramalage - Ihr Rückzugsor
https://immobilienscout24.at/expose/69ef794074f66aec64710db6	777000	FAMILIENTRAUM - Einfamilienhaus in St. Veit im Pon
https://immobilien.net/immobilie/5660-hopfberg/historisches-bauernhaus-in-taxenbach-zum-verkauf-bieterverfahren-6a0461a4da02f883383e25cc	570000	Historisches Bauernhaus in Taxenbach zum Verkauf -
https://immobilienscout24.at/expose/69e9a261dc0ddacb455b3545	789000	Charmantes Holzblockhaus mit gemütlicher Ferienwoh
https://immobilienscout24.at/expose/6a391a83a285f688987ab528	500000	Wohnhaus mit Ferienwohnung, Garten und Terrasse in
https://immobilienscout24.at/expose/69d3d9a2036345c1a3e15c1c	81270	Baugrundstueck in Lessach - Ihr Platz fuer das Tra
https://immobilienscout24.at/expose/69e73a36235687b8623c559d	269000	Geraeumiges Familienhaus / Landhaus mit Garten und
https://immowelt.at/expose/9b445084-a9b0-448d-a187-303fd8f417be	790000	Wohnhaus mit alpinem Charakter in Mariapfarr – Pic
https://immo.sn.at/immobilien/wo-lebensqualitaet-beginnt-haus-mit-panoramaausblick-in-pfarrwerfen-GV4XP6	699000	Wo Lebensqualität beginnt – Haus mit Panoramaausbl
https://immobilienscout24.at/expose/69c3ab5d60a5a8f3d7b59c6c	499900	Familiennest – Renoviertes Einfamilienhaus mit Poo
https://immobilienscout24.at/expose/67d0058be9ded278b971a6ad	890000	Wohlfühloase! Einfamilienhaus mit Wellnessbereich 
https://immobilienscout24.at/expose/6a2030ab634c6a06eb94a595	125000	Baugrundstück mit Panoramablick, Unternberg
https://immo.sn.at/immobilien/natur-ski-golfer-die-historie-der-umgebauten-remise-und-grundstueck-mit-potential-zur-erweiterung-GSL9VZ	690000	Historisches Steinhaus in Bad Bruck ("Natur! Ski! 
https://immo.sn.at/immobilien/sonniges-baugrundstueck-mit-burgblick-GYM537	54000	Sonniges Baugrundstück mit Burgblick
https://immo.sn.at/immobilien/einmalige-chance-baugrundstueck-in-bester-zentrumslage-GX2ZJX	180250	Einmalige Chance - Baugrundstück in bester Zentrum
https://immobilienscout24.at/expose/6a5a00b8c9195b04ad8138cf	575000	Einziehen & wohlfühlen – Ihr Familienhaus mit Gart
https://immo.sn.at/immobilien/lage-lage-lage-viel-potential-mit-sonnigem-garten-GZ2GJT	770000	LAGE, LAGE, LAGE! VIEL POTENTIAL MIT SONNIGEM GART
https://immo.sn.at/immobilien/altehrwuerdiges-stadthaus-mit-grundstueck-im-herzen-von-radstadt-GV3XT9	800000	"Altehrwürdiges Stadthaus" – mit Grundstück im Her
https://immowelt.at/expose/a5227a60-6096-4269-bcd4-7b6d28b239dc	759000	Wohnhaus mit großem Grundstück in absoluter Ruhela
https://immobilienscout24.at/expose/6a3b82f05da51a0bdcfb29fe	150000	Verlassenes Anwesen mit 0,5 ha Grünland in Alleinl
https://wohnnet.at/immobilien/grundstueck-5423-sankt-koloman-kauf-297447760	None	Baugrundstück 1.703 m² mit unverbaubarem Bergblick
https://immobilien.nachrichten.at/immobilien/leben-zwischen-natur-zentrum-einfamilienhaus-in-schwarzach-GV4XN5	579000	Leben zwischen Natur & Zentrum – Einfamilienhaus i
https://wohnnet.at/immobilien/bauernhaus-5660-taxenbach-kauf-5-zimmer-297389191	570000	Historisches Bauernhaus in Taxenbach
https://immo.salzburg24.at/immobilien/doppeltes-wohnglueck-zweifamilienhaus-in-niedernfritz-GWXZNY	589000	"Doppeltes Wohnglück" – Zweifamilienhaus in Nieder
https://immowelt.at/expose/3d7a60d6-811d-44df-8215-8250e8b41d30	790000	Einfamilienhaus zum Kauf in Radstadt (Neu)
https://immobilien.net/immobilie/5112-lamprechtshausen-asten/uriges-bauernsacherl-natur-und-ruhe-nur-30-minuten-von-salzburg-stadt-698dfb19aeeea619f2c7f9ff	795000	Uriges Bauernsacherl - Natur & Ruhe, 30 Min von Sa
https://immowelt.at/expose/c56e99db-3468-4f7a-86f6-124b054f6e16	819950	Einfamilienhaus / Familienvilla in Dorfbeuern (Mic
https://immowelt.at/expose/f088072f-8130-4353-ae7a-e7f8f9214018	None	Familiendomizil (7 Zimmer, Massivhaus) am Ortsrand
https://immobilien.net/immobilie/6a6d7ebda448ad4db966798e	540000	Salzburg Anthering: 2.248 m² Liegenschaft in idyll
https://immobilienscout24.at/expose/6a6b5b489e76be61ba4c6bf5	480000	Einfamilienhaus in Bruck an der Glocknerstraße / S
https://immobilienscout24.at/expose/697228132621382adb95485b	625000	Haus im Chalet-Stil in Rußbach am Paß Gschütt
https://immo.sn.at/immobilien/postkarten-panorama-H2LZNP	880000	Postkarten-Panorama
https://immobilienscout24.at/expose/6a8dcb3e3c60c095023acb2e	480000	Einfamilienhaus mit viel Potenzial
https://immobilienscout24.at/expose/6aa8e3347a9b7ac518f2163d	490000	Exklusives Wohnhaus im Nationalpark Muhr
https://immobilienscout24.at/expose/6a564a0452de9ca75652b9bf	495000	Sanierungsbedürftiger Altbestand in ruhiger Hangla
https://immobilienscout24.at/expose/6a1d7db00aebc4a9d6e81ec5	437000	MITTEN in Bad Gastein WOHNEN – südwestseitige Haus
https://immobilienscout24.at/expose/6a6dbc3c40798afff01d05be	495000	Smarter Wohnraum mit Einkommenspotenzial – viel Pl
https://immowelt.at/expose/341b2269-d6ca-4034-9887-3d6ceb664c62	599000	Haus mit 4 Wohneinheiten in St. Michael im Lungau
https://immobilienscout24.at/expose/68e239dd80c089b8cbb7bc23	548000	K3 - Tamsweg - Stadthaus zu verkaufen!
https://immo.sn.at/immobilien/stark-reduzierte-immobilie-in-tamsweg-GSL37M	440000	Stark reduzierte Immobilie in Tamsweg!
https://immobilienscout24.at/expose/6a761b1a1a2a040274d309cd	675000	Herrschaftliches Landhaus mit Zweitwohnsitzwidmung
https://immobilienscout24.at/expose/6a426b8074caa309273c5dc2	439000	Ferienimmobilie im Miteigentum: Luxuriöses Chalet 
https://immo.sn.at/immobilien/ein-haus-mit-viel-platz-noch-mehr-moeglichkeiten-H3GCF9	560000	Ein Haus mit viel Platz & noch mehr Möglichkeiten
https://immowelt.at/expose/5ea041d5-4bca-45b9-8765-94a97b30e22d	649000	Haus in Maishofen (generalsaniert, 7 Zimmer)
https://immobilienscout24.at/expose/6aa90ab639e8e8e94cdbff69	775000	Traumhaftes Raumangebot am Dürrnberg – Mehrfamilie
https://immo.sn.at/immobilien/bauernhaus-von-napoleon-verschont-H2RZN2	897000	Bauernhaus von Napoleon verschont