https://immobilienscout24.at/expose/6a330f3732d84e121f89dcc4	449000	LAGE! Renovieren Sie sich Ihren Haustraum! – Freis
https://immobilienscout24.at/expose/6a305b06a003cef3f4ba5238	450000	Im Einklang mit der Natur! – Schönes Landhaus
https://immobilienscout24.at/expose/6a364600a285f6889873cb01	475000	ALLEINLAGE-Traum neben Bach samt Teich/Biotop (ehe
https://immowelt.at/expose/c4312090-1721-4823-b084-96f152aa1f10	535000	Familienhaus auf großem Grundstück in ruhiger Lage
https://immowelt.at/expose/08687b53-a6e4-4a49-bb37-2706fa184e51	695000	Selbstversorger-Anwesen in absoluter Alleinlage (B
https://immowelt.at/expose/970adee2-616c-4229-8eed-da0af7bbb320	299000	Bauernhaus in Naturlage Gramastetten
https://immobilienscout24.at/regional/oberoesterreich/kirchdorf-an-der-krems/bauernhaeuser	690000	Landhaus in Alleinlage – ehem. Bauernsacherl (Sack
https://immodirekt.at/immobilie/5231-schalchen/gruenland-ca-2-4-ha-mit-haus-stadel-und-garagen-ruhige-und-sonnige-lage-64bfb8ee00cbd3e3b8dafec9	399000	Gruenland ca. 2,4 ha - mit Haus, Stadel und Garage
https://immodirekt.at/immobilie/3550-langenlois/bauernhaus-mit-altbestand-auf-ca-1238-m2-grundstueck-ca-190-m2-wohnflaeche-5-zimmer-69fb658fa6da86a518e04033	250000	Bauernhaus mit Altbestand auf ca. 1.238 m2 Grundst
https://immodirekt.at/immobilie/3730-stoitzendorf/sanierungsbeduerftiges-landhaus-zum-grundstueckspreis-6a3ce29e1ca005e03b88d8ed	153000	Sanierungsbeduerftiges Landhaus zum Grundstueckspr
https://immodirekt.at/immobilie/3643-maria-laach-am-jauerling/ehemaliges-bauernhaus-mit-malerischen-innenhof-6a3101c5df878ebbbccb96b2	198000	Ehemaliges Bauernhaus mit malerischem Innenhof
https://immobilienscout24.at/expose/6a3539398041a246a6c0aedc	199000	Charmant. Vielseitig. Besonders. (Oberdrauburg)
https://dibeo.at/expose/synergie/h-bauernhaus-kauf/noe/3932/bis200000/2168529/acvblr	188000	Vierkanthof-Charme mit geschütztem Innenhof (Limba
https://dibeo.at/expose/remaxfit2/h-bauernhaus-kauf/ooe/4723/bis600000/2191216/acvblr	539000	Sacherl in ruhiger Lage (zwischen Natternbach und 
https://immobilienscout24.at/expose/6900fed72d0b175feb924306	None	Idyllischer Berghof in bester Lage im Murtal
https://immobilien.derstandard.at/detail/15169620/traum-lage-neben-bach-ohne-unmittelbare-nachbarn-gepflegtes-wohnhaus-mit-2-einheiten-u-groc39fem-garten	349000	Traum-Lage neben Bach ohne unmittelbare Nachbarn –
https://dibeo.at/expose/2115348	379000	Saniertes Bauernhaus mit Wintergarten, Pferde-Stal
https://dibeo.at/expose/2185792	647000	Einzellage: Idyllisches Landhaus mit ca. 9 ha Wald
https://immobilien.net/immobilie/4242-hirschbach-im-muehlkreis/charmantes-landhaus-mit-57-486m2-eigengrund-in-traumhafter-lage-6a02e12e9ce6b4f605cddaff	449000	Charmantes Landhaus mit 57.486 m² Eigengrund in tr
https://immobilienscout24.at/expose/68553c7e90db784496a4e3b5	496000	Idyllisches Berghaus in Kärnten: 10 Zimmer, Garten
https://immobilienscout24.at/expose/69c4fd19b4edae4658d422ba	470000	Ein Juwel im Waldviertel - echte Einzellage (renov
https://immobilienscout24.at/expose/69fe0271c3a521c369f6c72b	None	Exklusives, autarkes Almchalet in absoluter Allein
https://immowelt.at/expose/761c7bee-887c-4849-99c9-52492f1db370	670000	Waldchalet Pfunds - provisionsfrei - inmitten der 
https://immodirekt.at/immobilie/6541-toesens/ihr-privater-park-im-herzen-von-toesens-grosszuegiges-wohnen-mit-entwicklungspotenzial-in-best-lage-69c7a9a7904c46fa91c11014	728000	Ihr privater Park im Herzen von Tösens – Großzügig
https://dibeo.at/expose/2169654	499000	Gemütlicher BAUERNHOF mit 12 HEKTAR!
https://immobilien.nachrichten.at/immobilien/sehr-gepflegtes-bauernhaus-in-alleinlage-GVR3TR	895000	Sehr gepflegtes Bauernhaus in Alleinlage
https://immobilienscout24.at/expose/69f586dd2786f64d52e7810b	279000	BEREITS SANIERT! Gartentraum mit Ruhe - Familienpa
https://immobilien.nachrichten.at/immobilien/traumlage-verkaufe-groessere-landwirtschaft-mit-ca-25-ha-grund-im-muehlviertel-F6PQBX	None	TRAUMLAGE - Landwirtschaft mit ca. 25 ha Grund im 
https://immmo.at/immo/Bauernhaus-kaufen/Oberoesterreich/Kirchdorf-an-der-Krems	690000	Landhaus / ehem. Bauernhaus in Alleinlage nahe Kir
https://immmo.at/immo/Immobilie/Oberoesterreich/Schaerding/4725-Sankt-Aegidi	None	Liebevoll saniertes Sacherl im Herzen des Sauwalde
https://immowelt.at/expose/ab4837d3-050a-4db5-8d3d-3bb4aa408bb2	645000	Attraktives Einfamilienhaus in Top-Aussichtslage
https://immowelt.at/expose/0d76a469-f0bc-4171-88da-8e2b01c2561a	599000	Ländliche Idylle grenznah zu Bayern – ehemaliges S
https://immowelt.at/expose/1d970e89-f013-4625-bbba-e421ed314f1e	750000	Landliebe – größeres Sacherl in idyllischer Allein
https://immodirekt.at/immobilie/4201-gramastetten/exklusives-landanwesen-mit-vielseitigen-nutzungsmoeglichkeiten-wohnen-arbeiten-und-tierhaltung-in-absoluter-ruhelage-69fd98eaa8a5fc789b25864b	790000	Exklusives Landanwesen – Wohnen, Arbeiten & Tierha
https://immowelt.at/expose/cdbacca1-d4b3-4547-8657-d052141b37d7	795000	Einzigartiges energieautarkes Blockhaus mit Alpen-
https://immobilien.net/immobilie/8983-bad-mitterndorf/raritaet-altes-bauernhaus-mit-vorgelagertem-baugrundstueck-und-holzbezugsrecht-6996e7e90feb9a8b3582448f	790000	Rarität: altes Bauernhaus mit vorgelagertem Baugru
https://immobilien.net/immobilie/4611-hundsham/naturparadies-mit-fischteich-neuer-preis-69621ecfd8bf89ca360f8f20	749000	Naturparadies mit Fischteich - NEUER Preis
https://immobilien.net/immobilie/4201-gramastetten/ehemalige-hofstelle-mit-gewerbe-erweiterbar-um-ca-5-ha-landwirtschaftlichen-grund-und-wald-69f07f594631ea0b033ac260	699000	Ehemalige Hofstelle mit Gewerbe - erweiterbar um c
https://immobilien.net/immobilie/3264-gresten/tolles-baugrundstueck-in-3264-gresten-6a34f2d549f165b62efed501	74640	tolles Baugrundstück in 3264 Gresten
https://immobilien.net/immobilie/3264-gresten/familienidylle-und-bautraegerchance-6a34f2d58041a246a6c03709	137280	Familienidylle & Bauträgerchance
https://immobilien.net/immobilie/3270-scheibbs/grosses-baugrundstueck-in-scheibbs-provisionsfrei-top-lage-692499dde710c96dbaf477a1	130000	Großes Baugrundstück in Scheibbs!! PROVISIONSFREI!
https://immobilien.net/immobilie/3261-steinakirchen/grosses-baugrundstueck-in-ernegg-traumhafte-aussichtslage-am-stadtrand-699fac099bde99820c898bcc	133040	Großes Baugrundstück in Ernegg – Traumhafte Aussic
https://immobilien.net/immobilie/4381-st-nikola-an-der-donau/baugrund-1177-m2-mit-donaublick-suedhang-mit-angrenzenden-kleinen-gruenland-255-m2-st-nikola-6979bd9fb9b13b6226f3978e	44500	Baugrund 1.177 m² mit Donaublick - Südhang - mit a
https://immobilien.net/immobilie/4324-rechberg/baugrund-mit-tollem-fernblick-ohne-bauzwang-6a383991584ccc48d2f38e5e	91883	Baugrund mit tollem Fernblick - ohne Bauzwang!
https://immobilien.net/immobilie/9773-irschen/historisches-juwel-mitten-im-kraeuterdorf-68f0a57986f3e9c6a3d0561a	360000	Historisches Juwel mitten im Kraeuterdorf Irschen
https://immobilien.derstandard.at/detail/15150703/tolle-liegenschaft-mit-einem-einfamilienhaus-und-urigem-bauernhaus-mit-garagen-und-stallgebc3a4ude	460000	Liegenschaft mit Einfamilienhaus und urigem Bauern
https://immobilien.net/immobilie/6541-toesens/ihr-privater-park-im-herzen-von-toesens-grosszuegiges-wohnen-mit-entwicklungspotenzial-in-best-lage-69c7a9a7904c46fa91c11014	728000	Großzügiges Einfamilienhaus mit privatem Park in T
https://immobilien.net/immobilie/6542-pfunds/waldchalet-pfunds-provisionsfrei-inmitten-der-atemberaubenden-berglandschaft-tirols-69f2efdc897bd2a11f553783	670000	Waldchalet Pfunds – provisionsfrei, keine direkten
https://immobilien.nachrichten.at/immobilien/gepflegtes-landhaus-im-muehlviertel-GYG2V5	444000	Gepflegtes Landhaus im Mühlviertel (Schönau)
https://immobilien.derstandard.at/detail/15144291/attraktives-baugrundstc3bcck-mit-westhanglage	57000	Attraktives Baugrundstück mit Westhanglage (Klaffe
https://immobilienscout24.at/expose/6a3b87c523efdfa5dccd2f39	87000	Südhang-Grundstück mit Blick ins Grüne in Haslach
https://immobilien.net/immobilie/4272-nadelbach/sacherl-mit-ca-4-9-ha-arrondiertem-wald-und-wiesengrund-in-idyllischer-alleinlage-69f065f505a4ad1760242ea7	179000	Sacherl mit ca. 4,9 ha arrondiertem Wald- und Wies
https://immobilien.net/immobilie/3263-perwarth/baugruende-in-wunderschoener-sonniger-lage-ein-hoechstmass-an-lebensqualitaet-6a3ba12923efdfa5dccd627a	56500	Baugründe in wunderschöner, sonniger Lage! Ein Höc
https://immobilien.net/immobilie/3263-perwarth/sonniges-baugrundstueck-in-wunderschoener-lage-im-mostviertel-69b17c4b233d4b831bbbba5f	51800	Sonniges Baugrundstück in wunderschöner Lage im Mo
https://immobilien.net/immobilie/6460-imst/neuer-preis-familientraum-in-imst-gunglgruen-natur-pur-direkt-vor-der-haustuer-69f30d16959fe195d605378c	650000	Neuer Preis! Familientraum in Imst Gunglgrün – Nat
https://immobilien.nachrichten.at/immobilien/alleinlage-am-fusse-des-kleinen-priel-GTHKL5	495000	Alleinlage am Fuße des kleinen Priel
https://immobilien.nachrichten.at/immobilien/wohnen-wo-die-berge-zum-greifen-nah-sind-open-house-am-samstag-den-4-juli-von-10-12-uhr-GYKN6G	743500	Wohnen, wo die Berge zum Greifen nah sind (Vorders
https://immmo.at/immo/Grundstueck/Niederoesterreich/Scheibbs/3293-Lunz-am-See	65000	Ebenes Baugrundstück ohne Bauverpflichtung in Lunz
https://immmo.at/detail/1558959125?c=0	74640	tolles Baugrundstück in 3264 Gresten
https://immobilien.net/immobilie/2572-kaumberg/idyllisches-familienanwesen-inmitten-der-natur-raum-fuer-leben-ruhe-und-besondere-momente-69bec22e00f8bff98cde21fb	390000	Idyllisches Familienanwesen inmitten der Natur – R
https://immobilien.net/immobilie/3264-gresten/einfamilienhaus-mit-grossem-garten-in-zentrumsnaehe-von-gresten-6a10397a99b5378afb1a3020	280000	Einfamilienhaus mit großem Garten in Zentrumsnähe 
https://immobilien.nachrichten.at/immobilien/abschalten-leben-wo-die-zeit-gefuehlt-etwas-langsamer-laeuft-GXNCRC	149000	Abschalten! Leben wo die Zeit gefühlt etwas langsa
https://immobilien.nachrichten.at/immobilien/hanglage-mit-berg-und-talpanorama-verkauf-im-dave-kaeuferprovisionsfrei-GS28Z5	200000	Hanglage mit Berg- und Talpanorama – Verkauf im DA
https://immobilien.nachrichten.at/immobilien/traumhaftes-grundstueck-mit-traumhaftem-berg-panorama-FVNKVJ	185000	Traumhaftes Grundstück mit traumhaftem Berg-Panora
https://immobilien.nachrichten.at/immobilien/baugrundstueck-ohne-bauzwang-GD8NYX	165000	Baugrundstück ohne Bauzwang (Aschach an der Steyr)
https://immobilien.net/immobilie/5733-bramberg-am-wildkogel/unverbaubare-ruhige-panoramalage-ihr-rueckzugsort-in-den-bergen-neuwertiges-grosses-wohnhaus-68544c0c8b027095b7e85a75	None	Unverbaubare, ruhige Panoramalage - Ihr Rückzugsor
https://immobilien.net/immobilie/8820-neumarkt-in-der-steiermark/baugrund-mit-fertigem-einreichplan-6842aa83f7c32f7705e4c32d	58000	Baugrund mit fertigem Einreichplan (sonnige Südhan
https://immobilienscout24.at/expose/69fd98eaa8a5fc789b25864b	790000	Exklusives Landanwesen – Wohnen, Arbeiten & Tierha
https://immobilienscout24.at/expose/69fda743a8a5fc789b25c0aa	479000	Großzügiges Wohnhaus mit Panoramablick in Obertrau
https://immo.sn.at/immobilien/grosszuegiges-familienhaus-in-ruhiger-gruenlage-atterseenaehe-GXWYM3	525000	Großzügiges Familienhaus in ruhiger Grünlage / Att
https://immobilien.net/immobilie/3193-st-aegyd-am-neuwalde/grosszuegiges-landhaus-mit-garten-und-nebengebaeude-69fc934cd7a62a7ae4c0ab2e	269000	Großzügiges Landhaus mit Garten und Nebengebäude
https://immobilienscout24.at/expose/69fb658fa6da86a518e04033	250000	Bauernhaus mit Altbestand auf ca. 1.238 m² Grundst
https://immobilien.net/immobilie/5270-mauerkirchen/baugrund-mit-altbestand-naehe-mauerkirchen-63fe123f1db9f888f73907d3	160000	Baugrund mit Altbestand nähe Mauerkirchen (Dorfgeb
https://immo.sn.at/immobilien/traumhaftes-grundstueck-mit-traumhaftem-berg-panorama-FVNKVJ	185000	Traumhaftes Grundstück mit Berg-Panorama, Südhang
https://immobilien.net/immobilie/4713-gallspach/grosses-grundstueck-mit-wunderschoener-aussicht-in-einer-ruhigen-hang-lage-68ac5f1e55c9a98f863d26d5	139000	Großes Grundstück mit wunderschöner Aussicht in ru
https://immobilienscout24.at/expose/69a82639460cbaae9fb51848	136000	Beste Südlage "Am Moos" – sonniges Baugrundstück m
https://immobilienscout24.at/expose/6a1e81516e1cc215dcccd7b4	None	Naturidylle in absoluter Alleinlage - ein Paradies
https://immobilienscout24.at/expose/68ac5f1e55c9a98f863d26d5	139000	Großes Grundstück mit wunderschöner Aussicht in ei
https://immobilienscout24.at/expose/6a4687662a1b3a7812dc5534	139000	Sonniger Fleckerl in Hanglage mit herrlichem Blick
https://immobilienscout24.at/expose/68ed622b2a31edb9d7a8f84e	104000	Neuer Preis! Träume verwirklichen – sonniges, prei
https://wohnen-im-waldviertel.com/vierkanthof-neupoella	120000	Vierkanthof Neupölla
https://dibeo.at/expose/1965497	119225	Rarität: Sonniger zentraler Baugrund ohne Bauzwang
https://wohnen-im-waldviertel.at/wohnen/suchergebnis/immobilie/23055.html	19890	Baugrund zu verkaufen (Bauland-Wohngebiet, Gmünd)
https://immobilienscout24.at/expose/69846220bd169803881a45cd	175000	Großzügiges Wohnhaus in sonniger Hanglage in Fohns
https://wohnen-im-waldviertel.at/wohnen/immobiliensuche/immobilien-detail/moderner-bungalow-im-rohbau-ihre-chance-auf-ein-exklusives-eigenheim-im-waldviertel	375000	Moderner Bungalow im Rohbau (fortgeschritten) auf 
https://mwert.eu/wohnen-waldviertel-immobilien/haus-wohnung-baugrund.php?id=13383205	280000	Einfamilienhaus/Bauernhof mit grossem Grund und Ne
https://immobilienscout24.at/expose/69bb041df32b0b96bd1edef0	400000	Grosszuegiges Einfamilienhaus mit Erweiterungsmoeg
https://mwert.eu/wohnen-waldviertel-immobilien/haus-wohnung-baugrund.php?id=14813814	120000	Vierkanthof in laendlicher Idylle - vielseitig nut
https://mwert.eu/wohnen-waldviertel-immobilien/haus-wohnung-baugrund.php?id=11842929	90000	Vierkanthof mit Stallgebaeude, Naehe Wachau
https://immobilienscout24.at/expose/66726357ee42610507119f97	21483	Baugrund in sonniger Lage (Teichweg)
https://immobilienscout24.at/expose/66505d20f94d32c77bf51c42	20463	Bauplatz im Siedlungsgebiet Lengau
https://immowelt.at/expose/887dcbe7-2334-42df-86ea-8db45fdb7bfd	559000	Landhaus im Almtal - Ein Hauch Provence, 214 m² au
https://immobilien.nachrichten.at/immobilien/grundstueck-mit-vor-und-nachteilen-GYKFZJ	119800	Baugrundstück in der Pyhrn-Priel-Region, 1.001 m²,
https://immowelt.at/expose/7b75be19-148b-4d91-8a5a-266a8ca027ec	699000	Modernes Wohnhaus mit traumhaftem Bergblick, 190 m
https://immowelt.at/expose/22ee1751-2ce4-41c5-a808-8655378c1d37	668000	Ländliches Familienrefugium, ca. 249 m² Wfl auf 1.
https://immowelt.at/expose/dbb30e04-d066-43f3-8c07-c743a84861ea	549000	Großzügige Liegenschaft mit großem Hanggrundstück,
https://immobilienscout24.at/expose/6a1022ed99b5378afb1a106d	0	1.123 m² allgemeines Wohngebiet in Hohentauern mit
https://immobilienscout24.at/expose/6a38f66d81af2ba6547cdd1c	149000	Sonniges Baugrundstück mit traumhaftem Fernblick i
https://immobilien.nachrichten.at/immobilien/kein-direkter-nachbar-und-erhoeht-an-der-enns-gelegen-GXNCRQ	273000	Kein direkter Nachbar und erhöht an der Enns geleg
https://immostviertel.at/objekt/13866799	125000	Großes Grundstück in bester Aussichtslage in Schei
https://immobilienscout24.at/expose/684fc7585e9cbac72815c373	345000	Grosszuegiges Wohnhaus mit vielen Nutzungsmoeglich
https://immobilienscout24.at/expose/6a4b7a65f76be3b41504a0f4	595000	Traumhaus mit 240 m² Wohnflaeche in Wartberg / St.
https://immobilienscout24.at/expose/6706c3fc23b3699f71223f11	146070	Baugrundstueck am Suedhang mit Bergpanorama in Kra
https://immobilienscout24.at/expose/69f7c3c52786f64d52ea2957	165480	Alpenrefugium auf 1.200 m - sonniges Baugrundstuec
https://immobilienscout24.at/expose/69a43ea5f8380c8e604980de	79500	Attraktiver Baugrund fuer Ihr Eigenheim in Sankt M
https://dibeo.at/expose/2140359	175000	Einfamilienhaus in ruhiger Wohnlage (Puchenstuben)
https://immmo.at/detail/1564242970	250000	Schmuckes Einfamilienhaus in ruhiger Lage mit Grün
https://immmo.at/detail/1558960146	137280	Familienidylle & Bauträgerchance – Baugrund ca. 2.
https://immobilienscout24.at/expose/6a48a2a0f76be3b415ff729d	720000	Gepflegtes Landhaus mit Traumpanorama als Haupt- o
https://immo.sn.at/immobilien/privates-refugium-in-absoluter-alleinlage-exklusives-hofanwesen-mit-unverbaubarem-panoramablick-GYQ3PT	None	Privates Refugium in absoluter Alleinlage – exklus
https://immobilienscout24.at/expose/6a1215c765cfe09a3138e1eb	275000	Gepflegtes Landhaus an der Mariazellerbahn | Nähe 
https://immmo.at/detail/1561409887	189000	Ihr Zuhause in Türnitz (Landhaus im Traisental)
https://immobilienscout24.at/expose/6a4bbe24f76be3b41504fe99	660000	Moderne Villa mit traumhaftem Garten, Pool, Sauna 
https://immobilienscout24.at/expose/699fac099bde99820c898bcc	133040	Großes Baugrundstück ca. 1.663 m² in Ernegg – Auss
https://immobilienscout24.at/expose/692499dde710c96dbaf477a1	130000	Großes Baugrundstück in Scheibbs, ca. 1.917 m² (pr
https://immobilienscout24.at/expose/6a439b258ccb88587621ca57	650000	Wohnen im Almtal – Bungalow mit Gartensauna und be
https://immobilienscout24.at/expose/6a394160a285f688987af292	645000	Exklusive Wohnimmobilie mit hochwertiger Haustechn
https://dibeo.at/expose/2225174	495000	Ihr Zuhause in Ferschnitz
https://immobilienscout24.at/expose/69fc934cd7a62a7ae4c0ab2e	230000	Großzügiges Landhaus mit Garten und Nebengebäude
https://immosuchmaschine.at/expose/2174174	595000	Großzügiges Wohnhaus in schöner Lage in Weinzierl
https://immobilien.derstandard.at/detail/15184040/einfamilienhaus-in-naturlage-mit-grossem-grundstueck	195000	Einfamilienhaus in Naturlage mit großem Grundstück
https://immosuchmaschine.at/expose/45527283	435000	Landverliebt – Energieeffizientes Einfamilienhaus 
https://dibeo.at/expose/2183713	None	Ein kleines, feines und günstiges Sacherl mitten i
https://dibeo.at/expose/2224603	743500	Wohnen, wo die Berge zum Greifen nah sind
https://immobilienscout24.at/expose/69fb7cf067051e47b3f73fa2	None	Bauernhaus in exklusiver Panoramalage in sonniger 
https://immobilienscout24.at/expose/6a4385d7413acda9d56f538d	625000	Exklusives Einfamilienhaus mit High-End-Haustechni
https://immobilienscout24.at/expose/6a1eeeb70b5c50fdb67dab2f	429000	Großzügiges Wohnhaus mit PV-Anlage, Terrasse und D
https://immodirekt.at/immobilie/6a489a43f76be3b415ff6f2f	299000	Landhaus umgeben von der Natur!
https://immosuchmaschine.at/expose/45586073	590000	Einfamilienhaus in Toplage von Laakirchen
https://immosuchmaschine.at/expose/45576737	349000	Haus in Fast-Alleinlage mit Biotop und neuem 1. OG
https://immobilien.net/immobilie/4493-wolfern/platz-fuer-die-ganze-familie-ruhige-bestlage-trifft-maximalen-wohnkomfort-6a4dda5ae9fdfaf04d8d37de	549000	Platz für die ganze Familie – ruhige Bestlage (Gen
https://immobilienscout24.at/expose/6a23f6e46dd301ab030ae211	195000	Grundstück in ruhiger Lage – Widmung Dorfgebiet
https://immobilienscout24.at/expose/6a2d2f0c7ca013173fa169ab	74000	IDYLLISCH gelegener BAUGRUND nahe Ortszentrum
https://immosuchmaschine.at/expose/45602109	149000	Neuer Preis: Baugrundstück in Ottnang ohne Bauzwan
https://wohnnet.at/immobilien/grundstueck-4574-vorderstoder-kauf-297448033	119800	Erklimmen Sie täglich Ihre Hausberge! (Baugrundstü
https://immosuchmaschine.at/expose/45505781	165000	Naturverbunden Leben: Baugrund mit landwirtschaftl
https://immobilien.derstandard.at/detail/15169867/baugrund	167000	Baugrund (provisionsfrei, ohne Bauzwang)
https://immobilienscout24.at/expose/6a047e75559819e88d33f4e1	139000	Projektgrundstück in Ruhelage bei Amstetten Ost
https://immobilienscout24.at/expose/6a2c4d020159bd74cfcd9a0a	499000	Ländliche Idylle grenznah zu Bayern – ehemaliges S
https://immobilienscout24.at/expose/698a4d0bc7e7ae8371f14129	498000	Modernes Einfamilienhaus mit Aussichtslage oberhal
https://immobilienscout24.at/expose/67c9d01d204eca2593c53387	490000	RUHIG - SONNIG - MANAGERLAGE
https://immobilienscout24.at/expose/6a10397a99b5378afb1a3020	249000	Einfamilienhaus mit großem Garten in Zentrumsnähe 
https://immo.sn.at/immobilien/villa-in-alleinlage-mit-traumhaftem-ausblick-GXH7Y3	None	Villa in Alleinlage mit traumhaftem Ausblick
https://immo.sn.at/immobilien/geraeumiges-einfamilienhaus-mit-wintergarten-und-viel-potential-GWBLL4	349000	Geräumiges Einfamilienhaus mit Wintergarten und vi
https://immo.sn.at/immobilien/wohnen-wie-im-urlaub-lebensqualitaet-im-herzen-des-ybbstals-GYTLHN	189000	Wohnen wie im Urlaub – Lebensqualität im Herzen de
https://immo.sn.at/immobilien/abschalten-leben-wo-die-zeit-gefuehlt-etwas-langsamer-laeuft-GXNCRC	149000	Abschalten! Baugrund in Großraming – 1.192 m²
https://immo.sn.at/immobilien/feines-grundstueck-laendlich-gelegen-GXTJZB	99800	Feines Baugrundstück ländlich gelegen – Seitenstet
https://immoweb.it/de/mals/haus/103839-exklusives-einfamilienhaus-mit-grossem-garten-in-sonnigster-lage-von-mals-zu-verkaufen	None	Exklusives Einfamilienhaus mit großem Garten in so
https://immobilienscout24.at/expose/66e2b04048b9b9128c2bc9bf	185000	Traumhaftes Grundstück mit Berg-Panorama (Oberschl
https://immobilien.net/immobilie/8761-poels/sonnig-und-ruhig-gelegenes-baugrundstueck-69afe5774b16ce668ddea2c8	110000	Sonniges Baugrundstück Pöls – 1.410 m² Bauland (WA
https://wohnnet.at/immobilien/haus-3533-friedersbach-kauf-7-zimmer-297283183	349000	Großes Wohnhaus, großer Garten, große Maschinenhal
https://dibeo.at/expose/2236796	150000	Wohn- und Geschäftsbaugrund in 3335 Weyer – 1.981 
https://immobilien.nachrichten.at/immobilien/schoener-ausblick-in-die-berge-hanglage-GRJ4FC	155000	Schöner Ausblick in die Berge - Hanglage!
https://immobilien.net/immobilie/3293-gaming/historisches-kartaeuserhaus-68ee0ce17ee5f339e0daab48	225000	Historisches Kartäuserhaus, Gaming (Denkmalschutz)
https://immobilien.net/immobilie/3283-st-anton-an-der-jessnitz/bereits-saniert-gartentraum-mit-ruhe-ihr-familienparadies-6a55c351dbc2fcd233305ab7	279000	Saniertes Einfamilienhaus mit Garten, St. Anton an
https://immobilienscout24.at/expose/692c83712569c89fd8ff591c	320000	Seltene Gelegenheit: Historisches Mühlviertler Ste
https://immobilienscout24.at/expose/69a94ebc0fa71f8b3c0cd79e	295000	Großzügiges Einfamilienhaus in Grünau im Almtal – 
https://wohnnet.at/immobilien/haus-4161-ulrichsberg-kauf-297488947	420000	Wohnhaus in Ulrichsberg (großzügiges EFH, Bj. 2003
https://immo.sn.at/immobilien/baugrund-1-143-m2-mit-donaublick-oberhalb-zentrum-von-st-nikola-suedhang-GW8FPH	54000	Baugrund 1.143 m² mit Donaublick – oberhalb Zentru
https://immobilien.net/immobilie/3270-scheibbs/moderne-villa-mit-traumhaftem-garten-pool-sauna-uvm-6a4bbe24f76be3b41504fe99	660000	Moderne Villa mit Garten, Pool, Sauna (Scheibbs)
https://immowelt.at/expose/977e9f43-5671-4bab-8fd0-e7e7203cbf58	280000	Großes Haus in einer idyllischen Lage
https://immowelt.at/expose/3c86273c-2dde-4aa5-a167-c6a65d6ce572	579000	Ein Anwesen mit Seele, Charakter und Charme
https://immowelt.at/expose/e3b4bee8-3c92-4336-a894-c64edecd462b	449000	Einfamilienhaus mit großem Garten und begonnenen M
https://immowelt.at/expose/cf5f0a60-ab71-4fe3-809e-75cb42d3371b	479000	Charmantes Stadthaus mit großzügigem Garten im Zen
https://immobilienscout24.at/expose/6a30f71a290519eafab61809	295000	Landhaus in Naturlage nahe Waldhausen im Strudenga
https://immowelt.at/expose/f4e99b57-eca7-4da0-b5a1-46a4ccf6c505	145000	Baugrund zum Durchstarten – mit Einreichplan, Ener
https://immowelt.at/expose/36018310-e81b-45dd-9fa2-87298c064b6e	169000	Großzügige Baugrundstücke in Losenstein
https://immowelt.at/expose/8f388632-f36c-4b52-a154-1f5520457573	159000	Bauland mit Freiheit: Voll aufgeschlossen & sofort
https://immowelt.at/expose/511e42f6-22ae-4807-850d-bdfcc5770a10	675000	Wo Weitblick auf Geborgenheit trifft – Familienref
https://immowelt.at/expose/320b2e8f-faa2-4df6-b277-8b2e16667dfe	799000	Grosses Wohnhaus in TOP Ausstattung samt Büro (Pra
https://immowelt.at/expose/ce262257-25b0-4afa-bee2-52bc108f9723	299000	Charmantes Wohnhaus mit großem Entwicklungspotenzi
https://immowelt.at/expose/69826c08-0e6b-4339-84bc-19396948e967	300000	Geräumiges Haus mit Zentrumslage und großem Grunds
https://immowelt.at/expose/35e7c031-cbbb-4a5d-9875-99e57bac4fe1	None	Einfamilienhaus zum Kauf – Wolfsbach
https://immowelt.at/expose/cd713201-0be3-471c-946b-6f6d92da150a	168000	Baugrundstück Greinsfurth (1.134 m²)
https://immowelt.at/expose/ca93e922-8ccc-48df-8a40-e1fc013c2ef3	199000	Baugrundstück Waidhofen an der Ybbs, Bernleiten-Si
https://immobilienscout24.at/expose/6a01908cc3a521c369fdca21	349000	Riesiges Ein- oder Zweifamilienhaus mit 359 m² Woh
https://immobilienscout24.at/expose/6967fc46a569960fe67fd273	375000	Naturbelassen und klimatisch gemäßigt Wohnen mit g
https://immo.tt.com/immobilien/haus/einfamilienhaus/tirol/imst/EE4kAwFkm0H	None	Exklusives Wohnhaus mit großzügigem Grundstück, We
https://immobilien.net/immobilie/9754-steinfeld/landwirtschaft-mit-traumhafter-suedhanglage-6a5883d70f3fe5ad50da9f2b	690000	Landwirtschaft mit traumhafter Südhanglage
https://dibeo.at/expose/2195331	499000	Gemütlicher Bauernhof mit ca. 12 ha Grund in schön
https://dibeo.at/expose/2169076	679000	Sacherl am Fuße des Böhmerwaldes (ca. 15 ha inkl. 
https://dibeo.at/expose/2224492	149000	Sacherl mit ca. 8.818 m² Grund – Renovierungsproje
https://immobilienscout24.at/expose/6a50b563708bc8c914d1d6d1	238000	Gemütliches Einfamilienhaus in idyllischer Grünoas
https://immobilien.net/immobilie/3340-waidhofen/gelegenheit-einfamilienhaus-mit-1130-qm-grund-6a47732584e196410f91af73	222000	Einfamilienhaus mit 1.130 m² Grund (Zwangsversteig
https://immobilienscout24.at/expose/6a1586d2c882ce7c0fddc980	169000	Großzügiges Familienhaus mit Wellness-Oase und Wer
https://immobilien.net/immobilie/5271-moosbach/k3-aelteres-bauernhaus-auf-grossem-baugrundstueck-ohne-bauzwang-6a1fdf8b6e1cc215dcd0142a	120000	K3 - Älteres Bauernhaus auf großem Baugrundstück o
https://immobilienscout24.at/expose/6a5f198c3741494214187b58	40794	Sonniges Baugrundstück in idyllischer Ortslage!
https://immmo.at/detail/1511790342	84000	Baugrund im Mostviertel (St. Leonhard am Forst / D
https://immobilienscout24.at/expose/6a608fa6ece9f1fca9b78a09	165000	Attraktives Baugrundstück ohne Bauzwang - schöne L
https://immobilien.nachrichten.at/immobilien/land-leben-wunderschoenes-baugrundstueck-mit-aussicht-in-freinberg-GZMGCN	None	Land.Leben - Wunderschönes Baugrundstück mit Aussi
https://immobilienscout24.at/expose/6a5f561bea61a7e6c5f6a4f8	550000	Hochwertiges Tiroler Holzhaus mit Erdwärme
https://immobilien.net/immobilie/8455-oberhaag/baugrundstueck-in-idyllischer-gruenlage-6a0838699316f5304349f343	48520	Baugrundstück in idyllischer Grünlage
https://immobilienscout24.at/expose/69f5fab92786f64d52e7d1fc	368000	Wohnhaus mit 280 m² Halle (Schönbach)
https://immo.sn.at/immobilien/wohnen-mit-weitblick-grosszuegiges-haus-mit-landwirtschaftlicher-nutzflaeche-GZG547	349000	Wohnen mit Weitblick – großzügiges Haus mit landwi
https://immobilien.nachrichten.at/immobilien/baugrund-mit-tollem-fernblick-ohne-bauzwang-GY4FF3	91883	Baugrund mit tollem Fernblick - ohne Bauzwang!
https://immobilienscout24.at/expose/69dcd090e92641c943b83753	119000	Seltenes Baugrundstück mit 2.168 m² mit genialem D
https://immobilienscout24.at/expose/6a1ef76d0b5c50fdb67db171	520000	Märchen enden nicht mit dem letzten Satz (Altmünst
https://immo.sn.at/immobilien/traditioneller-muehlviertler-stoablosshof-in-idyllischer-ruhelage-oberhalb-der-nebelgrenze-GZJT2R	435000	Traditioneller Mühlviertler Stoabloßhof in idyllis
https://immo.sn.at/immobilien/aussergewoehnliches-landhaus-mitten-im-boehmerwald-mit-2-4ha-grund-GXV9FY	None	Außergewöhnliches Landhaus mitten im Böhmerwald mi
https://immobilienscout24.at/expose/6979ea85e7c517ed6079b779	58800	Außergewöhnliches Baugrundstück in Maigen mit Aus-
https://immobilienscout24.at/expose/6a451eb20e6840303b58ad1e	159000	Baugrundstück in 3830 Waidhofen an der Thaya mit 1
https://immo.sn.at/immobilien/grundstueck-mit-altbestand-ohne-bauverfplichtung-GSHLPV	189000	Grundstück mit Altbestand, ohne Bauverpflichtung (
https://immobilien.net/immobilie/8691-kapellen/grosses-einfamilienhaus-mit-pool-im-gartenparadies-6a4f6dae98607322469907d4	299000	Grosses Einfamilienhaus mit Pool im Gartenparadies
https://immobilien.nachrichten.at/immobilien/gemuetliches-einfamilienhaus-auf-2-300m2-eigengrund-GWX77D	440000	Gemütliches Einfamilienhaus auf 2.346 m² Eigengrun
https://immobilien.net/immobilie/4540-bad-hall/gepflegtes-familienhaus-mit-traumhaftem-garten-und-viel-platz-6a61dd6763429a2f9fd1f394	550000	Gepflegtes Familienhaus mit traumhaftem Garten, Ba
https://dibeo.at/expose/remaxdeindaheim/b-grund-kauf/ooe/4184/bis100000/2150780/acvblr	98000	Großzügiges Grundstück mit Entwicklungspotenzial 4
https://dibeo.at/expose/remaxbalance/b-grundstueck-kauf/noe/3543/bis100000/2207943/acvblr	87000	Idyllisches Baugrundstück mit Blick auf Burg Kruma
https://immobilienscout24.at/expose/6a4d07a6e9fdfaf04d8b1edd	290000	Einfamilienhaus 188 m² mit Carport und Garage, Fer
https://immobilien.net/immobilie/8833-teufenbach/modernes-wohnen-mit-flexiblem-altbestand-vielseitige-liegenschaft-in-zentraler-lage-von-teufenbach-6992bfafe54e81b64b0ff150	295000	Modernes Wohnen mit flexiblem Altbestand – vielsei
https://immobilienscout24.at/expose/6a428b6346532fb085cd0c65	520000	Großzügiges Haus mit idyllischem Garten nahe dem A
https://immobilienscout24.at/expose/6a3bd2d0f4dc8d6a4da23be1	140000	Attraktives Baugrundstück in ruhiger Ortsrandlage 
https://immo.sn.at/immobilien/grosszuegiger-baugrund-in-naturnaher-umgebung-im-muehlviertel-GYJQPK	68407	Großzügiger Baugrund in naturnaher Umgebung im Müh
https://immo.sn.at/immobilien/bautraegergrundstueck-zentrum-st-leondhard-m-widmung-mit-altbestand-leerstehendes-gewerbeobjekt-FW5WFL	135000	Bauträgergrundstück Zentrum St. Leonhard, M-Widmun
https://immo.sn.at/immobilien/naturverbunden-wohnen-baugrundstueck-mit-lebensqualitaet-in-eidenberg-GJPRT2	125000	Naturverbunden Wohnen – Baugrundstück mit Lebensqu
https://immobilien.net/immobilie/2852-gschaidt/romantischer-vierkanthof-in-der-buckligen-welt-69f8e8e62786f64d52eceeb4	445000	Romantischer Vierkanthof in der Buckligen Welt
https://immobilien.net/immobilie/4391-waldhausen-im-strudengau/wunderschoene-alleinlage-bauernsacherl-mit-2-wohnungen-6a76e27ab25f5832d574ebd9	630000	Wunderschöne Alleinlage: Bauernsacherl mit 2 Wohnu
https://immobilienscout24.at/expose/69dd287177de88d8f2e08ab7	565000	Rückzugsort mit privatem Waldanteil in Payerbach
https://immobilienscout24.at/expose/6a4ec4b1ad4410cb56f819f9	445000	Pernitz im Piestingtal – Wohnhaus für Wohngenießer
https://immobilienscout24.at/expose/689fafcb14b48b7075520330	129000	Baugrund mit Fernblick bis zum Schneeberg
https://immobilienscout24.at/expose/69e00291694996bea3e641ad	125000	Aufgeschlossenes Baugrundstück in Allhartsberg mit
https://immobilienscout24.at/expose/67ea545fb0a88a61fdea053b	108000	Grundstück in Hanglage mit Grünblick
https://immobilienscout24.at/expose/6a4b464ef76be3b4150418b7	520000	Einmalige Gelegenheit – Vierkanthof mit mehreren W
https://immobilienscout24.at/expose/6a70489a5aa4f479476074cf	175000	Traum-Baugrund in Semmering-Kurort
https://immobilienscout24.at/expose/692ec268ae72a700607ea838	74000	Baugrund in Grünruhelage
https://immobilienscout24.at/expose/6a43a1e58ccb88587621d5da	94500	Baugrundstück in Zentrumsnähe (Berg bei Rohrbach)
https://immobilienscout24.at/expose/69fdb72c2cc0e30671c92c2f	115000	Exklusives Grundstück in begehrter Wohnlage
https://immobilienscout24.at/expose/6a57562415926e79a04aaddd	349000	Landhaus in Schöneben – mitten in der Natur
https://immobilien.nachrichten.at/immobilien/charmantes-holzblockhaus-firma-wunsch-haus-in-idyllischer-natur-und-aussichtslage-in-bubing-G4L4H2	319000	Charmantes Holzblockhaus in idyllischer Natur- und
https://immowelt.at/expose/490aa90d-4977-42a8-93e2-189bad81b82e	580000	Einfamilienhaus mit Pool, Gästehaus im Alpenstil u
https://immobilienscout24.at/expose/6a194b5ae76fa9629cd22ef8	300000	Ruheoase im Waldviertel – Einfamilienhaus in abgel
https://immobilienscout24.at/expose/60c063f0b930a6001f35b78d	417000	Architektenvilla mit großzügigem Garten
https://immobilienscout24.at/expose/6a475c27c6cd567b08a2932c	475000	Einfamilienhaus in Ferschnitz mit großem Garten
https://immowelt.at/expose/b86f7495-cf41-4231-911f-c7ef29fbb9e3	220000	Bauernhaus mit viel Platz und Gestaltungsmöglichke
https://immobilien.nachrichten.at/immobilien/aussergewoehnliches-landhaus-mitten-im-boehmerwald-mit-2-4ha-grund-GXTB4J	798000	Außergewöhnliches Landhaus mitten im Böhmerwald mi
https://immobilienscout24.at/expose/6915d5af877b165550925c47	149000	Grundstück in Uttendorf – großzügige Fläche mit Ba
https://immobilienscout24.at/expose/6a7ac3a261fff10c6a20cb9b	98000	Baugrundstück in Waldrandlage
https://immobilienscout24.at/expose/6a2058f7634c6a06eb94db3f	105000	Bauland Agrargebiet – sonniger Baugrund in Ruhelag
https://immobilien.nachrichten.at/immobilien/baugrund-in-dorfrandlage-H2W3CF	46000	Baugrund in sonniger Dorfrandlage
https://immobilienscout24.at/expose/6a29761940954ac69b2d74a5	89000	Großes Grundstück Maria Taferl mit Blick auf Basil
https://immobilienscout24.at/expose/6a7ed30a5da7d769108b7703	39000	Idyllische Hanglage – Grundstück im Weitental
https://immobilien.nachrichten.at/immobilien/eidenberg-baugrundstueck-in-idyllischer-lage-mit-einzigartiger-lebensqualitaet-H2NR69	110000	EIDENBERG: Baugrundstück in idyllischer Lage
https://immobilienscout24.at/expose/6a9aad220db967228cfa37cc	590000	Ein Platz fürs Leben (Bauernhaus in Alleinlage, ca
https://immobilienscout24.at/expose/6a5f281a7f1e48bb712ac05e	362000	Natur, Wasser & Potenzial – ehemalige Fischzucht i
https://immobilienscout24.at/expose/6971ffc9b3cf71bfda47fa67	595000	Dreistetten – Landsitz mit Blick auf Hohe Wand und
https://immobilienscout24.at/expose/6a8573949291febd6e6cf73d	249000	Landhaus Waidhofen/Ybbs (St. Georgen/Klaus) mit Ne
https://immobilienscout24.at/expose/6ab2545df55ba40ff02dcaf0	181000	Viel Raum für große Wohnideen – Einfamilienhaus mi
https://immobilienscout24.at/expose/6ab24905ff2b953a6583f278	290000	VORANKÜNDIGUNG! Ruhig gelegenes Einfamilienhaus in
https://immobilienscout24.at/expose/6ab38ec4c244adc084e95871	570000	Landidylle nähe Attersee! Traditionelles Bauernhau
https://immobilienscout24.at/expose/69e6260194cbd602529df648	307000	ARCHITEKTENHAUS sucht HELFENDE HÄNDE (Naturlage, 2
https://immobilienscout24.at/expose/6a88c6d3e7c0b7865a2927f2	520000	Bauernhaus / Vierkanthof mit großem Ausbaupotenzia
https://immobilienscout24.at/expose/68f8a1a461b2a4d882acf8c2	619000	NEUER PREIS – Premium Wohnen – Nähe Salzburg und B
https://immobilienscout24.at/expose/6a63830adfe9d33fcc114ac7	220000	Historischer Charme trifft Entwicklungspotenzial a
https://immobilienscout24.at/expose/692041b85506352e6d0f1783	175000	Nettes Wohnhaus in Grünruhelage
https://immobilienscout24.at/expose/6a55f5f7afad9de537035917	477000	Hier sind die Sommer angenehm! Landhaus mit Potenz
https://immobilienscout24.at/expose/6aa2b8c325a0b67bdf1d8819	395000	Romantischer Vierkanthof in der Buckligen Welt
https://immobilienscout24.at/expose/6a38ba7da285f688987a12ab	659000	Exklusiver Pferdehof mit 2 Wohneinheiten, Reithall
https://immobilienscout24.at/expose/6a75bc416be22d693f9860f5	690000	Land & Gut: Solide Hofstelle in arrondierter Endla
https://immobilienscout24.at/expose/69986129a05326ddf6bb54de	780000	Vielseitiges Wohnhaus mit 5.256 m² Grundstück in a
https://immobilienscout24.at/expose/6ab40de3ecb25972a21e0a72	None	Himmlergut – Historischer Landsitz in Alleinlage m
https://immobilienscout24.at/expose/6a1acc6d0aebc4a9d6dfa74b	215000	Großer Bungalow mit Fernblick & Entwicklungspotenz
https://immobilienscout24.at/expose/6a3b9e7b23efdfa5dccd5600	298000	Großzügiges Haus in Grafenbach-St. Valentin
https://immobilienscout24.at/expose/6a85a9c39291febd6e6d58cc	380000	Einfamilienhaus mit Holzhaus in malerischer Umgebu
https://immobilienscout24.at/expose/6a51fb9164af522db9d3f398	449000	Traumhaus am Berg: Holzhaus mit Fernblick in Mönic
https://immobilienscout24.at/expose/6aa2489e918d89bf51adcfda	499000	Modernes Einfamilienhaus mit Panoramablick – Sackg
https://immobilienscout24.at/expose/6a853f099291febd6e6c669a	399000	PREISREDUKTION! Großzügiges Wohnhaus mit Potenzial
https://immobilienscout24.at/expose/6a06da963295ada687b9fce5	None	Geräumiges Einfamilienhaus mit Wintergarten und vi
https://immobilienscout24.at/expose/6a3e31e4a7afed98b66d5ddd	518000	Ein Platz zum Ankommen – Naturidylle auf 950 Meter
https://immobilienscout24.at/expose/6aa523a79970b1c6e108c1c4	360000	Großzügiges Grundstück mit Altbestand in sonniger 
https://immobilienscout24.at/expose/69b1ca55016f2e00d0846859	99000	Großzügiges Baugrundstück in sonniger Lage in Holz
https://immobilienscout24.at/expose/691cd80b5506352e6d0858d5	149000	Neuer Preis! Sonne, Ruhe, Ausblick – Baugrundstück
https://immobilienscout24.at/expose/69739c089331de722d4258ee	69000	Bauland in der Buckligen Welt – naturnahe Ruhe bei
https://immobilienscout24.at/expose/69ca68d51d650b9a8a3a7be0	95000	Zwei sonnige Baugründe in Pomedt – je ca. 1.079 m²
https://immobilienscout24.at/expose/69f35a92959fe195d605bd29	199000	Ihr Traumgrund in Schalchen – Ruhelage
https://immobilienscout24.at/expose/64bf6918eed37d203a69e437	46545	Baugrund in Dorfrandlage
https://immobilienscout24.at/expose/6a43a1e48ccb88587621d5d7	99990	Baugrundstück in Zentrumsnähe (1.111 m²)
https://immobilienscout24.at/expose/6a2d0c887ca013173fa12e14	150000	Großzügiges Grundstück 1.135 m² in Aschach an der 
https://immobilienscout24.at/expose/69b17b270c6469697bc47a71	133200	Einzigartiges Donaugrundstück im Strudengau – 2.32
https://immomarkt-suedtirol.bz/wellenzohn/52-geschlossener-hof-in-mals-burgeis-zu-verkaufen	None	Geschlossener Hof 'Stampferhof' in Mals/Burgeis