https://immobilienscout24.at/expose/6a3243ff65ac7aee494f6b81	635000	Einzigartige Alleinlage – Landwirtschaft mit Einfa
https://immobilienscout24.at/expose/6a319645df878ebbbccca7fb	450000	Bauernhaus mit Geschichte – Alleinlage 1.050 m See
https://immobilienscout24.at/expose/6a380a73584ccc48d2f34eae	349000	Viel Platz für die Familie mit 10 Zimmern und land
https://immobilien.derstandard.at/detail/15150703	460000	Tolle Liegenschaft mit Einfamilienhaus und urigem 
https://immobilienscout24.at/expose/6a2843797ee84e039e471919	629000	Steirisches Landhausjuwel in traumhafter Ruhelage 
https://immobilienscout24.at/expose/6a31781065ac7aee494d51e6	239000	Großzügiges Einfamilienhaus mit 2.270 m² Grundstüc
https://immobilienscout24.at/expose/6a381647584ccc48d2f354b9	359000	PROVISIONSFREI – Vollständig saniertes Einfamilien
https://wohnnet.at/immobilien/haus-8511-greisdorf-kauf-6-zimmer-296469068	610000	Landsitz im Bauernhaus in sonniger Ruhelage (St. S
https://immobilienscout24.at/expose/6a17f4d756f11028749fa9cb	450000	Bauernhof mit Ackerfläche, Wald und Wiese in sonni
https://immobilienscout24.at/expose/69761f25f2dff49c0bc5d96b	650000	Traditioneller Bauernhof auf der Stolzalpe (1.400 
https://immobilienscout24.at/expose/65cf25005d7195fb034c47cc	550000	Holzblock-Bauernhaus in absoluter Einzellage mit A
https://immobilienscout24.at/expose/6a03032ce9613f27f25fc3c0	575000	Sonniges Refugium mit Weitblick: Modernisiertes La
https://immobilienscout24.at/expose/69db6b6f4d9c94798f3f30ab	440000	Charmantes Einfamilienhaus mit Weitblick ueber das
https://immobilienscout24.at/expose/67a1f6aabc14ced889221f43	498900	Gepflegtes Haus am Murwald
https://immobilienscout24.at/expose/68611fb4c0a76fddd30a959f	499000	Ein ganz besonderes Zuhause - aussergewoehnlich, g
https://immobilienscout24.at/expose/69f9b988a4937fccb4a99fcd	545000	Wohnen im schoensten Bergdorf der Region - Ausserg
https://immobilienscout24.at/expose/690da3f2dacbc439d9e500b9	549000	Weitblick & Wohnkomfort - grosszuegiges Eigenheim 
https://immobilienscout24.at/expose/699d6541fb3e40d9fa4b157b	350000	Ehemaliger Bauernhof, Bauernhaus, Ferienappartemen
https://immobilienscout24.at/expose/6900fed72d0b175feb924306	None	Idyllischer Berghof in bester Lage im Murtal
https://immobilien.derstandard.at/detail/15148226	310000	Modernisiertes Familienhaus mit großem Grundstück 
https://immobilien.net/immobilie/8510-stainz/ein-anwesen-mit-charakter-weitblick-und-aussergewoehnlichem-potenzial-69e771646f96aa67dcfbace5	598000	Ein Anwesen mit Charakter, Weitblick und außergewö
https://immobilien.net/immobilie/8552-eibiswald/sehr-gepflegtes-wohnhaus-mit-separaten-nebengebaeude-und-langcarport-in-laendlicher-und-sonniger-sackgassenlage-69cd5b170b8f06368a2547e5	398000	Sehr gepflegtes Wohnhaus mit Nebengebäude in ländl
https://immobilien.net/immobilie/8354-giesselsdorf/bauernhaus-wohnhaus-mit-nebengebaeude-teilw-saniert-carport-innenhof-st-anna-giesselsdorf-699ff5161ce767168fc01469	245000	Bauernhaus – Wohnhaus mit Nebengebäude, teilw. san
https://immobilien.net/immobilie/8720-knittelfeld/traumhaus-mit-wunderschoenem-garten-in-ruhiger-lage-mit-doppelcarport-69bd9f08827301c347668a44	389000	Altbau-Wohnhaus mit PV und großem Garten in ruhige
https://immobilienscout24.at/expose/6a44953672fd3487e42fa372	690000	Liebevoll sanierter Hof mit Stallungen und Nebenge
https://immowelt.at/expose/2455bfe8-d063-4443-9a67-bce22038523a	450000	Rarität Dreikanthof in ländlicher Panoramalage!
https://immobilienscout24.at/expose/69f34a19897bd2a11f55c913	720000	Großzügiges Haus in Alleinlage mit Panoramablick ü
https://immowelt.at/expose/e1174d82-a65f-4ec5-98d7-ccb380418996	740000	Historischer Dreikant-Bauernhof für naturverbunden
https://immobilienscout24.at/expose/6a27d7a507fb9c0a32f130ab	600000	Charmante Wohnimmobilie in Scheifling mit viel Pla
https://immobilien.net/immobilie/8345-krusdorf/charmantes-landhaus-inmitten-der-thermenregion-mit-viel-potential-694167d4a4d1827cc1893d71	349000	Charmantes Landhaus inmitten der Thermenregion mit
https://immobilien.net/immobilie/8324-kirchberg-an-der-raab/charmantes-landhaus-mit-grosszuegigem-grundstueck-und-weitblick-in-kirchberg-an-der-raab-69fc9da7dcddabf34d258e91	495000	Charmantes Landhaus mit großzügigem Grundstück und
https://immobilien.net/immobilie/8243-pinggau/baugrundstueck-mit-bestehendem-keller-am-ortsrand-von-pinggau-68b7d87ea16ae1273d3569df	45000	Baugrundstück mit bestehendem Keller am Ortsrand v
https://immobilien.derstandard.at/detail/15150703/tolle-liegenschaft-mit-einem-einfamilienhaus-und-urigem-bauernhaus-mit-garagen-und-stallgebc3a4ude	460000	Liegenschaft mit Einfamilienhaus und urigem Bauern
https://immobilien.net/immobilie/8342-gnas/naehe-gnas-einfamilienhaus-ca-198-m2-7-zimmer-grund-ca-1000-m2-6a438260499a5e678388ca71	280000	Nähe Gnas! Einfamilienhaus ca. 198 m², 7 Zimmer, G
https://immobilien.net/immobilie/8212-gersdorf-an-der-feistritz/geraeumiges-wohnhaus-mit-viel-aussenflaeche-6a169c53875f0d7cb2a4fd24	299000	Geräumiges Wohnhaus mit viel Außenfläche!
https://immobilien.net/immobilie/8430-leibnitz/kainberg-leibnitz-69ce204c819abac13686bfeb	499000	Kainberg - Leibnitz (Aussichtslage, Sackgassenende
https://immobilien.net/immobilie/8164-stenzengreith/modernisiertes-einfamilienhaus-in-ruhiger-waldrandlage-nahe-gutenberg-6a352e948041a246a6c0a22a	595000	Modernisiertes Einfamilienhaus in ruhiger Waldrand
https://immobilien.net/immobilie/8160-thannhausen/elegante-stadtvilla-am-weizberg-6920966d9da1d71348f5aeb4	785000	Elegante Stadtvilla am Weizberg
https://immobilien.net/immobilie/8261-egelsdorf/ruhig-gelegenes-einfamilienhaus-mit-viel-platz-und-weitblick-69df859b694996bea3e5d79e	398000	Ruhig gelegenes Einfamilienhaus mit viel Platz & W
https://immobilien.net/immobilie/8541-schwanberg/charmantes-haus-mit-garten-und-zubau-platz-fuer-deine-ideen-in-bad-schwanberg-685d8e62c0a76fddd3048199	320000	Charmantes Haus mit Garten und Zubau - Platz für d
https://immobilien.net/immobilie/8553-sankt-oswald-ob-eibiswald/st-oswald-ob-eibiswald-ein-landhaus-mit-seele-ein-juwel-aus-1850-69d654debfe71481f47a283c	359000	St. Oswald ob Eibiswald - Ein Landhaus mit Seele -
https://immobilien.net/immobilie/8330-feldbach/charmanter-bauernhof-in-sonniger-idyllischer-lage-mit-grossem-potenzial-6960ee333f7b7952cf485cd9	329000	Charmanter Bauernhof in sonniger, idyllischer Lage
https://immobilien.net/immobilie/8324-oberdorf-am-hochegg/sonniges-grundstueck-in-kirchberg-an-der-raab-mit-herrlicher-aussicht-684b06a55e9cbac7280dcd27	69000	Sonniges Grundstück in Kirchberg an der Raab mit h
https://immobilien.net/immobilie/8345-straden/neuer-preis-2-erschlosssene-baugruende-mit-obstbaumbestand-und-weinreben-in-der-suedoststeiermark-6839a0326b68859c70b55424	95000	2 erschlossene Baugründe mit Obstbaumbestand und W
https://immobilien.net/immobilie/8344-bad-gleichenberg/sonniger-bauplatz-mit-vielseitigem-potenzial-69d72fb9b407cb1052c371c7	80000	Sonniger Bauplatz mit vielseitigem Potenzial
https://immobilien.net/immobilie/8484-oberpurkla/ca-1170-m2-baugrundstueck-in-ruhiger-naturlage-nahe-bad-radkersburg-und-der-weinstrasse-6a314f06df878ebbbccc494d	48900	Ca. 1.170 m² Baugrundstück in ruhiger Naturlage na
https://immobilienscout24.at/expose/6a480df86674576fa6a8a697	299000	Eindrucksvolles, gepflegtes Haus in sonniger Lage!
https://immobilien.derstandard.at/detail/15150696/wohnhaus-mitten-im-wanderdorf-mc3bchlen-am-zirbitzkogel	None	Wohnhaus mitten im Wanderdorf Mühlen am Zirbitzkog
https://wohnnet.at/immobilien/grundstueck-8813-sankt-lambrecht-kauf-297271308	69000	Baugrundstück mit flexibler Grundstücksgröße nahe 
https://immobilienscout24.at/expose/6a26a46a1f2302750e16fdd7	190000	Sonniges Baugrundstück in Hanglage mit Panoramabli
https://immobilien.derstandard.at/detail/15150701/grundstc3bcck-im-sonnigen-katschtal-feistritz-am-kammersberg	109000	Grundstück im sonnigen Katschtal – Feistritz am Ka
https://immobilien.net/immobilie/8541-bad-schwanberg/mein-leistbares-grundstueck-in-sonniger-ruhelage-und-laendlicher-umgebung-68930742f942e0b3ce2cca15	60000	Mein leistbares Grundstück in sonniger Ruhelage un
https://immobilien.net/immobilie/8541-rettenbach/attraktives-baugrundstueck-am-sonnenhang-1481-m2-69b93ae6f01808b794d3dd91	148000	Attraktives Baugrundstück am Sonnenhang – 1.481,45
https://immobilien.net/immobilie/8524-bad-gams/ihr-traum-vom-eigenheim-baugrundstueck-in-bad-gams-mit-sonniger-suedausrichtung-und-allen-anschluessen-an-der-grundstuecksgrenze-in-ruhiger-wohnlage-wartet-auf-sie-69430ed57ff748e9eef11430	98500	Baugrundstück in Bad Gams mit sonniger Südausricht
https://immobilien.net/immobilie/8820-neumarkt-in-der-steiermark/baugrund-mit-fertigem-einreichplan-6842aa83f7c32f7705e4c32d	58000	Baugrund mit fertigem Einreichplan (sonnige Südhan
https://immobilien.net/immobilie/8344-bad-gleichenberg/renovierungsbeduerftiges-bauernhaus-mit-circa-11000m2-grund-erhoehte-sonnige-aussichtslage-alleinlage-6a3517c28041a246a6c08196	285000	Renovierungsbedürftiges Bauernhaus mit ca. 11.000 
https://immobilien.net/immobilie/8324-kirchberg-a-d-raab/einzigartige-alleinlage-hofstelle-naehe-kirchberg-raab-6a35203949f165b62eff3112	350000	Einzigartige Alleinlage – Hofstelle Nähe Kirchberg
https://immobilien.net/immobilie/8741-baierdorf/bungalow-in-begehrter-aussichtslage-mit-blick-ueber-weisskirchen-69ef3bec93e5add58461ab56	279000	Bungalow in begehrter Aussichtslage mit Blick über
https://immobilienscout24.at/expose/6842aa83f7c32f7705e4c32d	58000	Baugrund mit fertigem Einreichplan – sonnige Hangl
https://immobilienscout24.at/expose/6837022b6b68859c70b0f052	40840	Erfüllen Sie sich Ihren Traum vom Eigenheim in nat
https://immobilienscout24.at/expose/69846220bd169803881a45cd	175000	Großzügiges Wohnhaus in sonniger Hanglage in Fohns
https://immobilienscout24.at/expose/6a4984786674576fa6ab295b	698000	Baumeisterhaus mit Panoramablick - Sackgassenlage
https://immmo.at/detail/1454997913?c=0	75000	Zentral gelegenes Baugrundstück Kirchbach
https://immobilienscout24.at/expose/6864ee77f2f1b4fab5772733	107000	Baugrundstück mit Bergpanorama
https://immobilienscout24.at/expose/6a1406864346529bfaf6f9d8	118000	Sonniges Baugrundstück mit Bergblick im Liesingtal
https://immobilienscout24.at/expose/68930742f942e0b3ce2cca15	60000	Mein leistbares Grundstück in sonniger Ruhelage
https://immobilienscout24.at/expose/69b93ae6f01808b794d3dd91	148000	Attraktives Baugrundstück am Sonnenhang
https://immobilienscout24.at/expose/6a3cd3631ca005e03b88b723	165000	Exklusives Baugrundstück mit Fernblick
https://spiegelfeld.eu/de/Immobiliensuche/15280669-Ehemaliges-Forsthaus-mit-Wirtschaftsgeb%C3%A4uden-allein-und-ruhig-im-Wald-gelegen	430000	Ehemaliges Forsthaus mit Wirtschaftsgebäuden, alle
https://ambiente-immobilien.at/immobilien/oesterreich/steiermark/buch-geiseldorf/ein-dreikanthof-in-laendlicher-panoramalage.html	450000	Ein Dreikanthof in ländlicher Panoramalage!
https://immobilienscout24.at/expose/6a47576784e196410f918a84	399999	Wohnkomfort trifft Potenzial – modernisiertes Einf
https://immobilienscout24.at/expose/6a3a97b3b4eeb9e22e39d232	299000	Großzügiges Bauernhaus auf 3.245 m² Grundstück – 2
https://immobilien.derstandard.at/detail/14833542/traditionsreiches-bauernhaus-mit-potenzial	120000	Traditionsreiches Bauernhaus mit Potenzial (Kindbe
https://immobilienscout24.at/expose/6a391484a285f688987a97f2	115000	Baugrund in der Weinbauregion St. Anna – kann gete
https://immmo.at/detail/1554251255?c=0	75000	Bauland in Toplage von Trofaiach – 1.587 m² (Nelke
https://immmo.at/detail/1516738376	139000	Sonniges Baugrundstück in Weißkirchen – ihr Platz 
https://immobilienscout24.at/expose/68af044b04b915770ef3f33f	630000	Wohnen direkt am Waldrand mit Panoramablick (zwei 
https://dibeo.at/expose/2211234	798500	Ehemaliger Bauernhof in absoluter Ruhe- und Allein
https://oststeiermark-immobilien.at/Haus/Vierkanter-Raritaet-ca-16-Hektar/2100165157	890000	Vierkanter-Rarität – ca. 16 Hektar Landwirtschaft 
https://dibeo.at/expose/2219097	175000	Einzigartige Gelegenheit – san.bed. Holzblockhaus 
https://dibeo.at/expose/2215026	111440	Sonniges, ebenes Baugrundstück in Altenmarkt bei F
https://immobilien.derstandard.at/detail/15188612/attraktives-baugrundstc3bcck-in-bad-gleichenberg-ihr-platz-fc3bcr-wohntrc3a4ume	69000	Attraktives Baugrundstück in Bad Gleichenberg (ca.
https://immobilienscout24.at/expose/6a47829084e196410f91dad3	91290	Ebenes Baugrundstück am Stadtrand von Feldbach (1.
https://immobilienscout24.at/expose/6a35203c8041a246a6c09358	199000	Großzügiger Bauplatz in ruhiger Lage in Edelsberg 
https://immobilienscout24.at/expose/6a38f66d81af2ba6547cdd1c	149000	Sonniges Baugrundstück mit traumhaftem Fernblick i
https://immobilienscout24.at/expose/684fc7585e9cbac72815c373	345000	Grosszuegiges Wohnhaus mit vielen Nutzungsmoeglich
https://immobilienscout24.at/expose/6a4b7a65f76be3b41504a0f4	595000	Traumhaus mit 240 m² Wohnflaeche in Wartberg / St.
https://immobilienscout24.at/expose/6706c3fc23b3699f71223f11	146070	Baugrundstueck am Suedhang mit Bergpanorama in Kra
https://immobilienscout24.at/expose/69f7c3c52786f64d52ea2957	165480	Alpenrefugium auf 1.200 m - sonniges Baugrundstuec
https://immobilienscout24.at/expose/69a43ea5f8380c8e604980de	79500	Attraktiver Baugrund fuer Ihr Eigenheim in Sankt M
https://immobilien.derstandard.at/detail/15180222	620000	Knittelfeld: Exklusiver Rohbau mit ca. 493 m2 Nutz
https://immobilienscout24.at/expose/6a2c60b90159bd74cfcdab59	299000	Frisch saniertes Einfamilienhaus in Judenburg - so
https://immobilien.net/immobilie/8430-grottenhof/bungalow-in-aussichtslage-nahe-leibnitz-69e60f31694996bea3f26902	497000	Bungalow (Einfamilienhaus) in Aussichtslage nahe L
https://immobilien.net/immobilie/8461-ratsch-an-der-weinstrasse/wohnoase-in-ratsch-an-der-weinstrasse-6a1d63860aebc4a9d6e7e951	697000	Wohnoase in Ratsch an der Weinstrasse - Aussichtsl
https://immobilien.derstandard.at/detail/15177590	745000	Exklusives Einfamilienhaus mit traumhafter Garteno
https://immobilienscout24.at/expose/63c9c0ea78f1b92e5944740b	112000	Baugrundstueck in Fohnsdorf zu verkaufen!
https://immmo.at/detail/1439152793?c=0	89540	Wunderschoenes Grundstueck an der Suedsteirischen 
https://immmo.at/detail/1505063203?c=0	126500	Baugrund in Lebring / Bachsdorf
https://immmo.at/detail/1505056235?c=0	77700	Baugrundstueck in Wolfsberg im Schwarzautal
https://immmo.at/detail/1537059562?c=0	69000	Baugrundstueck in Mureck (Mittertorstrasse)
https://immmo.at/detail/1563407137	68000	Baugrundstueck in sonniger und ruhiger Lage (Zwang
https://immmo.at/detail/1540821044	199894	Sonniges Grundstueck im Ennstal - Zweitwohnsitzfae
https://sreal.at/de/immobilie/961-36152/diese-aussicht-charmantes-anwesen-mit-viel-platz-wald-weingarten-und-wiese-und-besonderem-flair	300000	Charmantes Anwesen mit Wald, Weingarten und Wiese 
https://sreal.at/de/immobilie/961-36061/charmantes-anwesen-mit-guter-substanz-grosszuegiger-raumaufteilung-und-nebengebaeude	325000	Charmantes Anwesen mit guter Substanz und Nebengeb
https://sreal.at/de/immobilie/961-36105/geraeumiges-einfamilienhaus-in-stainach-mit-xl-garten	410000	Geräumiges Einfamilienhaus in Stainach mit XL-Gart
https://sreal.at/de/immobilie/961-35926/modernes-wohnen-mit-flexiblem-altbestand-vielseitige-liegenschaft-in-zentraler-lage-von-teufenbach	295000	Vielseitige Liegenschaft: moderne Wohneinheit + Al
https://sreal.at/de/immobilie/961-36081/wohnen-mit-alpenpanorama-in-weissenbach-an-der-enns	225000	Freistehendes Wohnhaus mit Alpenpanorama in Weißen
https://sreal.at/de/immobilie/961-36056/sanierungsbeduerftiges-wohnhaus-mit-grossem-grundstueck-reden-wir-ueber-den-preis	169000	Sanierungsbedürftiges Wohnhaus mit großem Grundstü
https://sreal.at/de/immobilie/961-35754/ihr-bauplatz-im-gruenen-grundstueck-in-st-martin-am-grimming-ost	171000	Bauplatz im Grünen mit Bergblick - St. Martin am G
https://sreal.at/de/immobilie/961-35764/ihr-bauplatz-im-gruenen-grundstueck-in-st-martin-am-grimming-west	153000	Bauplatz im Grünen mit Bergblick - St. Martin am G
https://sreal.at/de/immobilie/961-36154/baugrund-in-absoluter-aussichtslage-in-gniebing	None	Baugrund in absoluter Aussichtslage in Gniebing (V
https://immobilienscout24.at/expose/6a0afb0a0aabd300566a658a	295000	Charmantes Wohnhaus mit großem Grundstück und viel
https://immobilienscout24.at/expose/6a4e36f0ad4410cb56f78193	105740	SINABELKIRCHEN - Sonniger Baugrund mit Grünblick &
https://immobilienscout24.at/expose/6a045aa8da02f883383e1e45	95000	Perfektes Grundstück für Ihr Traumhaus in ruhiger 
https://dibeo.at/expose/2220815	None	Sonniges Baugrundstück im steirischen Almenland na
https://immobilienscout24.at/expose/69b3e014017e6cdd6df96c6b	497000	Großzügiges Einfamilienhaus in ruhiger Sackgassen-
https://immobilienscout24.at/expose/6936bccf2c6e37ed2d1b522c	429000	Wohnhaus in Admont in ruhiger Lage mit Wintergarte
https://immobilien.net/immobilie/8761-poels/sonnig-und-ruhig-gelegenes-baugrundstueck-69afe5774b16ce668ddea2c8	110000	Sonniges Baugrundstück Pöls – 1.410 m² Bauland (WA
https://immobilienscout24.at/expose/69430ed57ff748e9eef11430	98500	Ihr Traum vom Eigenheim: Baugrundstück in Bad Gams
https://immobilienscout24.at/expose/6a417d6ef5656c090febf65d	550000	Großzügiges Einfamilienhaus in ruhiger Lage nahe B
https://immobilienscout24.at/expose/6a4258f146532fb085ccbf3a	None	Baugrund in absoluter Aussichtslage in Gniebing (K
https://immobilienscout24.at/expose/69bd1153c51d8ebf5bc6c31b	95000	Schönes ebenes Grundstück nahe Ortszentrum Zerlach
https://immobilien.net/immobilie/8502-lannach/provisionsfrei-grosszuegiges-uneinsichtiges-anwesen-mit-privater-zufahrt-und-unverbaubarem-weitblick-69df3396716403ae833e122d	799000	Provisionsfrei: Großzügiges, uneinsichtiges Anwese
https://immobilien.net/immobilie/8332-edelsbach-bei-feldbach/idyllische-lage-haus-mit-2-wohneinheiten-in-rohr-an-der-raab-69f20e03579ba52c8004a537	290000	Idyllische Lage! Haus mit 2 Wohneinheiten in Rohr 
https://immobilien.net/immobilie/8753-fohnsdorf/baugrundstueck-in-fohnsdorf-zu-verkaufen-63c9c0ea78f1b92e5944740b	112000	Baugrundstück in Fohnsdorf zu verkaufen! (Einzelpa
https://immowelt.at/expose/aa7d1a88-028c-401b-8402-26ab9ba0da30	499000	Architektonisches Raumwunder in Bestlage Knittelfe
https://immowelt.at/expose/fe06029f-4a39-4674-a858-ca6b6ce7de9f	389000	Großzügiges Einfamilienwohnhaus mit Garten und Dop
https://immowelt.at/expose/bb33afe1-d62c-4114-b032-33809058937c	649000	Landhaus mit traumhaftem Ausblick, Ganzjahreszufah
https://immowelt.at/expose/89fa4873-e51a-447f-a2b7-7901a3afc031	225000	Wohnen mit Alpenpanorama in Weißenbach an der Enns
https://immowelt.at/expose/f611edcb-5beb-4568-ace0-af2bb6ccd3b5	749000	Einfamilienhaus mit hochwertiger Ausstattung in wu
https://immobilienscout24.at/expose/6a468b6ab22ffea660ce5035	54000	Ihr Traumgrund in ruhiger Lage – Bauplätze Südwest
https://immobilienscout24.at/expose/6a01908cc3a521c369fdca21	349000	Riesiges Ein- oder Zweifamilienhaus mit 359 m² Woh
https://immobilienscout24.at/expose/6967fc46a569960fe67fd273	375000	Naturbelassen und klimatisch gemäßigt Wohnen mit g
https://immowelt.at/expose/d54c8a86-9fb7-4e64-8ba2-40b707a50767	249000	Bauernhaus in absoluter Alleinlage mit freiem Blic
https://immobilienscout24.at/expose/6a51d912fb6d84a4414e53a7	200000	Einfamilienhaus mit Zubau und Grundstück 5.738 m²
https://immowelt.at/expose/cff0b199-2952-4c62-b464-da782ccfec40	697000	Bauernhaus in idyllischer Ruhelage mit Fernblick, 
https://immowelt.at/expose/1fb52bc0-2b0f-4881-9c2a-e97cf98e960b	275000	Bauernhaus in atemberaubender Einzellage, 10.000 m
https://immobilien.net/immobilie/8952-irdning-donnersbachtal/baugrundstueck-in-irdning-69b3f2c0b5addebffbbf8305	None	Baugrundstück in Irdning – ebene, sonnige Lage mit
https://immobilienscout24.at/expose/6a5f561bea61a7e6c5f6a4f8	550000	Hochwertiges Tiroler Holzhaus mit Erdwärme
https://immobilienscout24.at/expose/6a57c4c1628b4bf9e289d93f	785000	Exklusives Anwesen in ruhiger Aussichtslage Nähe S
https://immmo.at/detail/1569774903	112000	Einfamilienhaus mit großem Grundstück (Versteigeru
https://immobilienscout24.at/expose/6a58b4870f3fe5ad50db22b3	549000	Sonniges Refugium mit Weitblick: Modernisiertes La
https://immobilienscout24.at/expose/6a607b78482ec01686e60375	495000	Geräumiges 7-Zimmer-Haus mit Garten, Pool und Gara
https://immobilien.net/immobilie/8455-oberhaag/baugrundstueck-in-idyllischer-gruenlage-6a0838699316f5304349f343	48520	Baugrundstück in idyllischer Grünlage
https://immobilien.net/immobilie/8551-wies/grosszuegiges-einfamilienhaus-mit-2270-m2-grundstueck-und-vielseitigen-nutzungsmoeglichkeiten-6a31781065ac7aee494d51e6	239000	Grosszuegiges Einfamilienhaus mit 2.270 m² Grundst
https://immobilien.net/immobilie/8623-jauring/hochwertiges-tiroler-holzhaus-mit-erdwaerme-6a5f561bea61a7e6c5f6a4f8	550000	Hochwertiges Tiroler Holzhaus mit Erdwaerme
https://immobilien.net/immobilie/8691-kapellen/grosses-einfamilienhaus-mit-pool-im-gartenparadies-6a4f6dae98607322469907d4	299000	Grosses Einfamilienhaus mit Pool im Gartenparadies
https://immobilien.net/immobilie/8940-liezen/grosses-wohnhaus-mit-gemuetlicher-bauernstube-offenem-kamin-kachelofen-garage-und-sued-westseitiger-terrasse-696e81e10b068516c56cce9f	359000	Grosses Wohnhaus mit Bauernstube, Kachelofen und S
https://immobilien.net/immobilie/8661-sankt-barbara-im-muerztal/traumhaus-mit-240-m2-wohnflaeche-viel-platz-fuer-die-ganze-familie-6a4b7a65f76be3b41504a0f4	595000	Traumhaus mit 240 m² Wohnflaeche, viel Platz fuer 
https://findmyhome.at/5502713	95000	2 erschlossene Baugruende mit Obstbaumbestand und 
https://immobilien.net/immobilie/8740-zeltweg/grosszuegige-wohnhaus-in-zeltweg-299-m2-wohnflaeche-eigener-wellnessbereich-pool-und-vielfaeltige-nutzungsmoeglichkeiten-691f3ac71e45c1185ace1885	450000	Grosszuegiges Wohnhaus in Zeltweg - 299 m² Wohnfla
https://immobilien.net/immobilie/8962-groebming/charmantes-wohnhaus-mit-grossem-grundstueck-und-viel-potenzial-in-groebming-6a0afb0a0aabd300566a658a	295000	Charmantes Wohnhaus mit grossem Grundstueck in Gro
https://immobilien.net/immobilie/8785-hohentauern/1123-m2-allgemeines-wohngebiet-in-hohentauern-mit-baumbestand-6a1022ed99b5378afb1a106d	None	1.123 m² allgemeines Wohngebiet in Hohentauern mit
https://findmyhome.at/5670745	40960	Baugrundstueck in idyllischer Gruenlage (Oberhaag)
https://immobilienscout24.at/expose/6a4d07a6e9fdfaf04d8b1edd	290000	Einfamilienhaus 188 m² mit Carport und Garage, Fer
https://immobilienscout24.at/expose/6a69e745f859f7cd6941270f	399999	ZÖBING! Voll saniertes Einfamilienhaus mit Gewölbe
https://immmo.at/detail/1568602659	171000	Einfamilienhaus mit Nebengebäude in Fischbach (Zwa
https://immobilien.net/immobilie/8833-teufenbach/modernes-wohnen-mit-flexiblem-altbestand-vielseitige-liegenschaft-in-zentraler-lage-von-teufenbach-6992bfafe54e81b64b0ff150	295000	Modernes Wohnen mit flexiblem Altbestand – vielsei
https://immmo.at/detail/1530675613	395000	Modernes Wohnparadies – Architekten-Haus in Südhan
https://immmo.at/detail/1564753940	194200	Attraktives Baugrundstück in St. Josef (Dorfgebiet
https://immmo.at/detail/1455037994	110500	Idyllisches Baugrundstück mit Quelle in naturnaher
https://immobilien.net/immobilie/8181-sankt-ruprecht-an-der-raab/traumhaftes-grundstueck-mit-fernblick-6a67350a39525ed9f361e281	115000	Traumhaftes Grundstück mit Fernblick (Mitterdorf b
https://immobilien.net/immobilie/8624-au-bei-turnau/baugrundstueck-in-idyllischer-lage-mit-bachlauf-134-5-ihr-traumhaus-wartet-auf-sie-697248c8c4d461a9c20705ca	49000	Baugrundstück in idyllischer Lage mit Bachlauf
https://immobilien.net/immobilie/8692-krampen/ein-platz-fuer-visionen-naturverbundene-liegenschaft-mit-ausbau-und-neubauoptionen-6a1e9a900b5c50fdb67cfde2	150000	Ein Platz für Visionen – Naturverbundene Liegensch
https://immobilien.net/immobilie/8820-sankt-marein-bei-neumarkt/historisches-bauernhaus-in-alleinlage-ein-zuhause-mit-traumhaftem-bergpanorama-6a61d1ee8048b026a345bfb1	490000	Historisches Bauernhaus in Alleinlage – Ein Zuhaus
https://immobilienscout24.at/expose/6a5de944bd8abb600265088e	None	Baugrundstück mit rund 1.400 m² in Neumarkt in lei
https://immobilienscout24.at/expose/6a7b5d46a3092479cfced3b2	None	Idyllischer Selbstversorgerhof in traumhafter Alle
https://immobilien.net/immobilie/8461-retznei/gemuetliches-zuhause-in-der-traumhaften-suedsteiermark-693452c893114d5ef4294e8d	359000	Gemütliches Zuhause in der traumhaften Südsteierma
https://immobilienscout24.at/expose/6a424fd074caa309273c26ee	499000	Steirische Toskana! Anwesen in Leutschach an der W
https://immobilienscout24.at/expose/69e60f31694996bea3f26902	450000	Bungalow in sanfter, erhöhter Lage mit Panoramabli
https://findmyhome.at/5712937	490000	Bezaubernde Liegenschaft in idyllischer Lage
https://immobilienscout24.at/expose/6a7c984d908475ab63537c16	635000	Wohnhaus mit Atelier oder Gästehaus in Seckau
https://findmyhome.at/5720134	294000	Historisches Wohnhaus mit großzügiger Wohnfläche u
https://immobilienscout24.at/expose/6a71f07cfe67ab30f651128d	800000	Einfamilienhaus im traditionellen Landhausstil in 
https://immobilienscout24.at/expose/68e6e129dcc8edc14c152147	779000	Landhaus auf 1.687 m² Grund in herrlicher Ruhelage
https://immmo.at/detail/1502749973	499999	Außergewöhnliches Einfamilienhaus in Spielberg
https://immobilienscout24.at/expose/6a6305e93d0d4adf0c2cdbd3	88000	Naturnahes Wohnen – zwei Baugrundstücke in Birkfel
https://immobilienscout24.at/expose/6a758d2e2c2c75be0f2303cc	135000	Wohngrundstück mit vollständiger Baubewilligung in
https://immobilienscout24.at/expose/6a7f9221afe6ae3fc97f21cf	47000	Grundstück in Hochstraden mit ländlicher Ruhe
https://immmo.at/detail/1576428181	140000	Bauland und Land-/Forstwirtschaftsflächen in Thörl
https://immobilienscout24.at/expose/6ab2545df55ba40ff02dcaf0	181000	Viel Raum für große Wohnideen – Einfamilienhaus mi
https://immobilienscout24.at/expose/6a761b1a1a2a040274d309cd	675000	Herrschaftliches Landhaus mit Zweitwohnsitzwidmung
https://immobilienscout24.at/expose/6a895aace8e23f22a1ac925b	289000	Großzügige Landidylle auf 1000m Seehöhe (Bauernhau
https://immobilienscout24.at/expose/6a9fcc0447c3fff3a12d9ef6	648000	Einfamilienhaus in absoluter Ruhelage in Kainisch 
https://immobilienscout24.at/expose/6a9943697e7f8231f74b6a41	268000	Außergewöhnlich großzügiges EFH mit privater Waldr
https://immobilienscout24.at/expose/6a877b7d032647b6c6fb005b	645000	Naturnahes Wohnensemble mit großzügigem Rohbau zur
https://immobilienscout24.at/expose/6aa6f69e13e26ee2d0c9df09	475000	Wohnhaus mit großzügigem Garten, Wirtschaftsgebäud
https://immobilienscout24.at/expose/6aad4a57450c5c98431aa59e	398000	Geräumiges EFH mit Kleinlandwirtschaft (Neben- und
https://immobilienscout24.at/expose/6ab25463f55ba40ff02dccb8	639000	Landwirtschaftl. Anwesen mit diversen Gebäuden (Ve
https://immobilienscout24.at/expose/6a997bac7e7f8231f74bf313	575000	Modernisiertes Einfamilienhaus in ruhiger Waldrand
https://immobilienscout24.at/expose/6a16e67080ff132227b8538e	120000	Haus mit Wirtschaftsgebäude und großem Grund
https://immobilienscout24.at/expose/6aafbe5a04389d989afd3de6	599000	PROVISIONSFREI: Großes EFH (236 m²) mit 3.896 m² B
https://immobilienscout24.at/expose/6a6f2f738a35701461b944b3	299000	Einziehen & wohlfühlen – Saniertes Einfamilienhaus
https://immobilienscout24.at/expose/6aa7806e38550347bbcff50a	295000	Großzügig mit großem Grundstück
https://immobilienscout24.at/expose/6a917560b25642ec4f453d74	399500	Charmantes Einfamilienhaus mit großzügigem Grundst
https://immobilienscout24.at/expose/6a9c03bb193fb86340304b90	565000	Viel Platz, Ruhe und Aussicht – Wohnhaus mit Pool 
https://immobilienscout24.at/expose/6a4e2b80ad4410cb56f7705e	318000	Modernes Haus in den Weinbergen – Wohnen mit Stil 
https://immobilienscout24.at/expose/6aaba7f66f93cae31a8b2c64	239000	Einfamilienhaus mit sehr schönem großen Garten in 
https://immowelt.at/expose/45bd48e9-89a6-4848-b7ad-dab3c9f370c1	579000	Villa (Altbau 1903) am Ortsrand, 250 m², 1.318 m²
https://immobilienscout24.at/expose/6a970ca752396f7ef109621c	649000	Traumhaus nahe Hartberg – Wohnen wo Ruhe auf moder
https://immobilienscout24.at/expose/69f0a4914631ea0b033afd97	399000	Großzügiges Haus mit wunderschönem Garten (Kaufang
https://immobilienscout24.at/expose/6a8daadf3c60c095023aa67b	626000	Großzügiges Einfamilienhaus
https://immobilienscout24.at/expose/6a9fc366e4c7bfa69d23be77	575000	Modernes Einfamilienhaus in ruhiger Lage mit Top-I
https://immobilienscout24.at/expose/68c3d24b00f52593ebdf1d29	398000	Villa! Charmante Villa aus 1933 mit zeitlosem Flai
https://immobilienscout24.at/expose/6a75e0e66be22d693f98827e	385000	Großzügiges Einfamilienhaus (192 m²) mit Wintergar
https://immobilien.net/immobilie/8832-oberwoelz-stadt/gepflegtes-einfamilienhaus-mit-idyllischem-garten-pool-und-sauna-6a986d00593e4e118b8b0522	383000	Gepflegtes Einfamilienhaus mit idyllischem Garten,
https://immobilienscout24.at/expose/6ab25464f55ba40ff02dcd08	420000	Idyllisches Einfamilienhaus am Hang mit großzügige
https://immobilienscout24.at/expose/6aa058a6d612721b8a80e1ca	459000	Familiendomizil mit großem Garten in Straß in der 
https://immobilienscout24.at/expose/6a339a4577638d2a2bded3bf	689000	Einfamilienhaus mit hochwertiger Ausstattung in wu
https://immobilienscout24.at/expose/6a524137fb6d84a4414e9891	650000	Modernes Zweifamilienhaus in sonniger Aussichtslag
https://immobilien.net/immobilie/8850-murau/hoch-ueber-dem-murtal-ein-zuhause-fuer-zwei-generationen-mit-weitblick-6aac1e882663d72fcf5e553c	459000	Hoch über dem Murtal – ein Zuhause für zwei Genera
https://immobilienscout24.at/expose/6a98859a593e4e118b8b1335	337000	HOHENTAUERN am Triebener Tauern: Sommerfrische so 
https://immobilienscout24.at/expose/6aa2df6a94a488aa4075183d	420000	Großzügiges Haus in Sankt Johann: 6 Zimmer, Winter
https://immobilienscout24.at/expose/68239f8657940d9f46ab4215	None	Wohnhaus in einzigartiger erhöhter Alleinlage
https://immobilienscout24.at/expose/6a9aac3f1f42f737b7f84e17	119000	2.040 m² Baugrund am Ortsrand inkl. bewilligtem Ba
https://immobilienscout24.at/expose/6a9ea5747ca336d58127d743	56000	Großzügiges Baugrundstück in absoluter Ruhelage mi
https://immobilienscout24.at/expose/69f0a48e4631ea0b033afd53	70000	Wunderschöner Baugrund in sonniger Lage (neuer Pre
https://immobilienscout24.at/expose/6aad71fa450c5c98431ac9af	107600	Baugrundstück in Arnfels
https://immobilienscout24.at/expose/6a1341e3f053a8815d1a9c4e	190000	Baugrund mit 'Mountain View' in Gröbming
https://immobilienscout24.at/expose/6aa2fd8f94a488aa40753200	99000	Großzügiges Baugrundstück 3.143 m² in Steinhaus am
https://immobilien.net/immobilie/8911-admont/exklusives-baugrundstueck-mit-panoramablick-in-hall-bei-admont-6aa93c48dea2677955d6f2ff	None	Exklusives Baugrundstück mit Panoramablick in Hall