https://immobiliare.it/en/annunci/128521636	549000	Chalet/Baita aus Holz und Stein mit Garten in Val 
https://immomarkt-suedtirol.bz/wellenzohn/52-latsch-st-martin-am-kofel-geschlossener-hof-in-alleinlage-mit-genehmigtem-bauprojekt-zu-verkaufen	375000	Latsch/St. Martin am Kofel - Geschlossener Hof in 
https://immomarkt-suedtirol.bz/wellenzohn/52-exklusives-einfamilienhaus-mit-grossem-garten-in-sonnigster-lage-von-mals-zu-verkaufen	None	Exklusives Einfamilienhaus mit grossem Garten in s
https://immoco.it/en/property/detached-house-with-large-plot-for-sale-in-muehlwalder-valley	540000	Detached House with Large Plot for Sale in Muehlwa
https://idealista.it/de/immobile/35048154	620000	Frei stehendes Haus / Einfamilienhaus in ruhiger L
https://idealista.it/de/immobile/34555070	490000	Casa indipendente / Freistehendes Einfamilienhaus 
https://idealista.it/de/immobile/36117841	580000	Casa indipendente / Freistehendes Haus mit 2 Wohne
https://immobar.it/haus/moos-in-passeier/7011/ein-zuhause-mit-seele-antikes-bauernhaus-in-moos-i-passeier	680000	Antikes Bauernhaus in Moos in Passeier (Hoehenlage
https://immomarkt-suedtirol.bz/wellenzohn/52-mals-planeil-wohnhaus-mit-wirtschaftsgebaeude-und-garten-zu-verkaufen	None	Mals/Planeil: Wohnhaus mit Wirtschaftsgebaeude und
https://rimmo.it/de/suedtirol/haus/einfamilienhaus/vinschgau/schnals/detail/5010	549000	Gepflegtes Einfamilienhaus in ruhiger und sonniger
https://idealista.it/de/immobile/26800019	295000	Frei stehendes / zu sanierendes Haus in Morter (La
https://idealista.it/de/immobile/35647069	655000	Grosszuegige Haushaelfte in Tarsch (Latsch), Via P
https://immobar.it/landwirtschaft/st-pankraz/6942/ein-leben-wie-frueher-der-traum-vom-selbstversorgerhof	680000	Ein Leben wie frueher - Der Traum vom Selbstversor
https://engelvoelkers.com/it/en/exposes/a7476f9c-30e4-58e2-a035-262fe6d5bafa	None	Baukubatur mit Entwicklungspotenzial – Holzneregg/
https://immobiliare.it/en/annunci/129859744	498000	Freistehendes Haus in ruhiger Naturlage Buchholz (
https://rimmo.it/de/suedtirol/kauf/haus/hof/salten-schlern/jenesien/detail/6185	None	Reizender Hof in toller Alleinlage - Flaas/Jenesie
https://immomarkt-suedtirol.bz/benedetti/76-geschlossener-hof-mit-ferienwohnungen-im-martelltal	None	Geschlossener Hof Innersalthof/Perkmannhof im Mart
https://immobiliare.it/en/annunci/130111266	285000	Historisches Bauernhaus mit Nebengebäude - Tanas/L
https://irs-benedetti.com/immobilien-details.xhtml?id%5Bobj0%5D=10243	None	Geschlossener Hof mit Weitblick am Sonnenberg in N
https://wohnen-in-suedtirol.it/bauernhof-v%C3%B6lsamschlern-345130.html	None	Geschlossener Hof Schenkenberger in sonniger Panor
https://immomarkt-suedtirol.bz/immobilienniederkofler/17-landwirtschaftliches-anwesen-mit-wald-wiesen-und-wirtschaftsgebaeuden	None	Landwirtschaftliches Anwesen mit Wald und Wiesen (
https://immomarkt-suedtirol.bz/wellenzohn/52-stilfs-sanierungsbeduerftiges-wohnhaus-mit-wirtschaftsgebaeude-zu-verkaufen	220000	Stilfs: Sanierungsbeduerftiges Wohnhaus mit Wirtsc
https://immomarkt-suedtirol.bz/Immobilien%20Regensburger/29-einzigartiges-wohnhaus-mit-geschichte-und-zukunft	850000	Einzigartiges Wohnhaus mit Geschichte und Zukunft 
https://immomarkt-suedtirol.bz/castellanum/14-sanierungsbeduerftiges-alleinstehendes-haus	680000	Sanierungsbeduerftiges alleinstehendes Haus unter 
https://wohnen-in-suedtirol.it/einfamilienhaus-ulten-373590.html	280000	Aelteres typisches Ultner Wohnhaus (Baujahr 1940) 
https://immomarkt-suedtirol.bz/aurimmobil/80-casa-singola-a-predoi	620000	Freistehendes Einfamilienhaus in Prettau
https://immomarkt-suedtirol.bz/immobilienniederkofler/17-alleinstehendes-einfamilienhaus-ruhe-raum-und-lebensqualitaet	None	Alleinstehende Neubau-Einfamilienvilla (Niederdorf
https://immomarkt-suedtirol.bz/castellanum/14-saniertes-freistehendes-haus-in-idyllischer-lage	None	Saniertes freistehendes Haus am Fuße der Pragser D
https://idealista.it/de/immobile/35842609	850000	Freistehendes Anwesen in Alleinlage - Rio Molino /
https://idealista.it/de/immobile/35511805	680000	Freistehendes Haus in Panoramalage unter Schloss E
https://idealista.it/de/immobile/35563361	860000	Freistehendes Haus mit ca. 1.500 m2 Grundstueck in
https://idealista.it/de/immobile/34912889	725000	Freistehendes Einfamilienhaus mit Garten und Depen
https://idealista.it/de/immobile/32205153	540000	Freistehendes sanierungsbeduerftiges Haus im Muehl
https://immomarkt-suedtirol.bz/wellenzohn/52-latsch-morter-exklusives-architektenhaus-freistehend-und-mit-beeindruckender-dachterrasse	None	Exklusives freistehendes Architektenhaus (Werner T
https://immobar.it/haus/taufers-im-muenstertal/6431/einzigartiges-wohnhaus-mit-geschichte-und-zukunft	850000	Einzigartiges Wohnhaus mit Geschichte und Zukunft 
https://immoweb.it/de/ulten/haus/110067-lteres-wohnhaus-im-landwirtschaftsgebiet-zu-verkaufen	280000	Älteres Wohnhaus im Landwirtschaftsgebiet (St. Wal
https://immomarkt-suedtirol.bz/rimmoimmobilien/gepflegtes-einfamilienhaus-in-ruhiger-und-sonniger-lage	549000	Gepflegtes Einfamilienhaus in ruhiger und sonniger
https://immobar.it/haus/moos-in-passeier/6972/ein-zuhause-mit-seele-antikes-bauernhaus-in-moos-i-passeier	780000	Ein Zuhause mit Seele – Antikes Bauernhaus in Moos
https://immomarkt-suedtirol.bz/wellenzohn/52-gemeinde-laas-baugrund-in-sonniger-lage-zu-verkaufen	None	Gemeinde Laas: Baugrund in sonniger Lage (Wohnbauz
https://immomarkt-suedtirol.bz/IMMOBILIEN%20DR.%20KONRAD%20HANNI/34-traumhaftes-baugrundstueck-im-idylischen-martelltal	None	Traumhaftes Baugrundstück im idyllischen Martellta
https://rimmo.it/de/suedtirol/kauf/haus/baugrund/burggrafenamt-etschtal/riffian/detail/120	99000	Häuslebauer aufgepasst! Günstiger Baugrund zu verk
https://rimmo.it/de/suedtirol/kauf/haus/einfamilienhaus/vinschgau/schnals/detail/5010	549000	Gepflegtes Einfamilienhaus in ruhiger und sonniger
https://idealista.it/immobile/31503241	285000	Historischer Bauernhof (Masseria) in Tanas, oberha
https://immobiliare.it/en/annunci/123858381	680000	Altes Bauernhaus mit Seele, ~167 m² Wohnfläche (St
https://immoweb.it/de/muehlwald/haus/100455-altes-haus-mit-grundstueck-in-den-bergen-im-tauferer-tal	540000	Altes freistehendes Landhaus mit großem Grundstück
https://immobook.com/en/property/detached-not-enclosed-farm-in-st-pankraz/e215a990-77a8-435b-a8e0-f7346ce7d6ac	590000	Freistehender (nicht geschlossener) Bauernhof in S
https://immoweb.it/de/stilfs/haus/95109-stilfs-sanierungsbeduerftiges-wohnhaus-mit-wirtschaftsgebaeude-zu-verkaufen	220000	Sanierungsbedürftiges freistehendes Wohnhaus (ehem
https://immoweb.it/de/laas/grundstueck/106070-gemeinde-laas-baugrund-in-sonniger-lage-zu-verkaufen	None	Baugrundstück am Sonnenhang, Gemeinde Laas
https://immoweb.it/de/mals/haus/103839-exklusives-einfamilienhaus-mit-grossem-garten-in-sonnigster-lage-von-mals-zu-verkaufen	None	Exklusives Einfamilienhaus mit großem Garten in so
https://immoweb.it/de/schnals/haus/97645-berghaus-in-karthaus-schnals-suedtirol	549000	Berghaus in Karthaus (Schnals), Holzkonstruktion m
https://engelvoelkers.com/it/en/exposes/bbf581cb-7a56-541f-950c-b21d505ece16	430000	Freistehendes Einfamilienhaus mit Garten und Bergb
https://immoweb.it/de/ulten/haus/110065-charmante-berghtte-mit-entwicklungspotenzial-im-ultental	None	Charmante Berghütte in seltener Alleinlage im Ulte
https://immoweb.it/de/latsch/sonstiges/109970-latsch-st-martin-am-kofel-geschlossener-hof-in-alleinlage-mit-genehmigtem-bauprojekt-zu-verkaufen	375000	Geschlossener Hof in Alleinlage mit genehmigtem Ba
https://immoweb.it/de/taufers-im-muenstertal/haus/100693-einzigartiges-wohnhaus-mit-geschichte-und-zukunft	850000	Einzigartiges Wohnhaus mit Geschichte und Zukunft
https://immomarkt-suedtirol.bz/Bozen%20Real%20GmbH/sanierungsbeduerftiges-wohnhaus-mit-stadel-zu-verkaufen	900000	Historischer Bauernhof mit Projekt für 3 Wohnungen
https://immoweb.it/de/freienfeld/haus/109824-charmantes-bauernhaus-mit-vielfaeltigen-nutzungsmoeglichkeiten	700000	Charmantes Bauernhaus mit vielfältigen Nutzungsmög
https://immobar.it/grundstueck/unsere-liebe-frau-im-walde-st-felix/5351/traumhafter-baugrund-fuer-eine-villa-zu-verkaufen	192000	Traumhafter Baugrund für eine Villa
https://immomarkt-suedtirol.bz/aurimmobil/80-casa-da-ristruttare-vivere-con-ampio-respiro	540000	Sanierungsbedürftiges Haus - Wohnen mit Weitblick!
https://immomarkt-suedtirol.bz/ZingerleStefan/ein-leben-wie-frueher-der-traum-vom-selbstversorgerhof	680000	Ein Leben wie früher – Der Traum vom Selbstversorg
https://engelvoelkers.com/it/de/exposes/2531d68b-51e6-59e7-9d11-336c331be9df	None	Exklusive Villa in Alleinlage am Tor zum Antholzer
https://engelvoelkers.com/it/de/exposes/4dc00abb-367b-58ca-84df-f4a03f30e6d1	None	Geschlossener Hof mit Entwicklungspotential
https://immomarkt-suedtirol.bz/wellenzohn/52-laas-tschengls-wohnhaus-mit-wirtschaftsgebaeude-zu-verkaufen	380000	Laas/Tschengls: Wohnhaus mit Wirtschaftsgebäude
https://immomarkt-suedtirol.bz/Home-Immobilien/375-obertall-bei-schenna-gepflegtes-haus-mit-garten-und-panoramablick-in-sonniger-ruhelage	599000	Obertall bei Schenna: Gepflegtes Haus mit Garten u
https://immomarkt-suedtirol.bz/castellanum/14-altbestand-mit-grundstueck	495000	Altbestand mit Grundstück
https://immomarkt-suedtirol.bz/benedetti/76-idyllisches-landgut-alpines-hideaway	None	Idyllisches Landgut – Alpines Hideaway
https://immomarkt-suedtirol.bz/rimmoimmobilien/sanierungsbeduerftiges-stadthaus-in-glurns	450000	Sanierungsbedürftiges Stadthaus in Glurns
https://immomarkt-suedtirol.bz/wellenzohn/52-denkmalgeschuetztes-wohnhaus-mit-wirtschaftsgebaeude-in-burgeis-zu-verkaufen	350000	Denkmalgeschütztes Wohnhaus mit Wirtschaftsgebäude
https://immomarkt-suedtirol.bz/wellenzohn/52-taufers-im-muenstertal-sanierungsbeduerftiges-wohnhaus-mit-wirtschaftsgebaeude-und-garten-zu-verkaufen	350000	Taufers im Münstertal: Sanierungsbedürftiges Wohnh
https://immomarkt-suedtirol.bz/wellenzohn/52-mals-laatsch-geschichtstraechtiger-ansitz-mit-grossem-hofraum-zu-verkaufen	None	Mals/Laatsch: Geschichtsträchtiger Ansitz mit groß
https://immomarkt-suedtirol.bz/Immobilien-Regensburger/29-einzigartiges-wohnhaus-mit-geschichte-und-zukunft	850000	Einzigartiges Wohnhaus mit Geschichte und Zukunft
https://immomarkt-suedtirol.bz/ausserhofer/38-eckhaus-in-prettau-aelteres-baujahr-mit-garten	None	Eckhaus in Prettau – älteres Baujahr mit Garten
https://immomarkt-suedtirol.bz/immobilienniederkofler/17-alleinstehendes-haus-in-antholz-zu-verkaufen	550000	Zu sanierendes alleinstehendes Haus in Antholz
https://immomarkt-suedtirol.bz/castellanum/14-haus-in-latzfons	490000	Haus in Latzfons
https://immomarkt-suedtirol.bz/castellanum/14-einfamilienhaus-zu-sanieren-in-laendlicher-lage	325000	Einfamilienhaus zu sanieren in ländlicher Lage
https://immomarkt-suedtirol.bz/ausserhofer/38-freistehendes-haus-in-idyllischer-lage-in-trens	None	Freistehendes Haus in idyllischer Lage in Trens
https://immomarkt-suedtirol.bz/Home-Immobilien/375-brenner-freistehendes-haus	800000	Brenner: Freistehendes Haus
https://immomarkt-suedtirol.bz/Home-Immobilien/375-berghuette-mit-projekt-amp-grossem-grundstueck-in-racines-mareit-zu-verkaufen	390000	Berghütte mit Projekt & großem Grundstück in Ratsc
https://immomarkt-suedtirol.bz/Home-Immobilien/375-ridnaun-huette-mit-grundstueck-in-ruhiger-berglage	490000	Ridnaun: Hütte mit Grundstück in ruhiger Berglage
https://immomarkt-suedtirol.bz/castellanum/14-baugrundstueck-mit-genehmigten-projekt	None	Baugrundstück mit genehmigtem Projekt
https://immomarkt-suedtirol.bz/ausserhofer/38-baugrund-fuer-ein-eckreihenhaus-im-ahrntal	145000	Baugrund für ein Eckreihenhaus im Ahrntal
https://immomarkt-suedtirol.bz/rimmoimmobilien/119-riffian-1	125000	Riffian – Günstiges Baugrundstück
https://immoweb.it/de/martell/haus/110154-geschlossener-bauernhof-in-sonniger-panoramalage-im-martelltal-zu-verkaufen	None	Geschlossener Bauernhof in sonniger Panoramalage i
https://idealista.it/de/immobile/24924194	185000	Bebaubares Grundstück (terreno urbanizzabile) – Se
https://immobilienscout24.at/expose/6957c18b242cb677e332df8b	859000	Schöne Landwirtschaft mit Doppelwohnhaus in Osttir
https://immomarkt-suedtirol.bz/Home%20Immobilien/375-naturns-freistehendes-haus	860000	Naturns: Freistehendes Haus mit Grundstück
https://immowelt.at/expose/1a0d12ec-557d-487d-b1fc-1c52303ff121	479000	Wohnhaus / ehemalige Landwirtschaft in Sillian
https://immomarkt-suedtirol.bz/Home-Immobilien/375-morter-latsch-zu-sanierendes-haus	295000	Morter (Latsch): Zu sanierendes Haus
https://immoweb.it/de/st-pankraz/landwirtschaft/106127-ein-leben-wie-frueher	590000	Ein Leben wie früher – Selbstversorgerhof St. Pank
https://immoweb.it/de/tschars/haus/110707-grosszuegiges-wohnhaus-mit-1622-m-grundstueck-in-sonniger-lage-von-tschars-zu-verkaufen	675000	Großzügiges Wohnhaus mit 1.622 m² Grundstück in so
https://immomarkt-suedtirol.bz/Home-Immobilien/375-freihstehendes-haus-mit-genehmigten-projekt-und-grosszuegigem-grundstueck-in-gfrill	510000	Freistehendes Haus mit genehmigtem Projekt und gro
https://immomarkt-suedtirol.bz/wellenzohn/52-geschlossener-hof-in-mals-burgeis-zu-verkaufen	None	Geschlossener Hof 'Stampferhof' in Mals/Burgeis
https://immomarkt-suedtirol.bz/ruthimmobilien/40-wohnhaus-mit-grossem-grundstueck-und-entwicklungspotenzial	None	Wohnhaus mit großem Grundstück und Entwicklungspot
https://immobiliare.it/de/annunci/125835795	490000	Einfamilienvilla San Pietro 21, Klausen – freisteh
https://immobiliare.it/de/annunci/129563020	850000	Einfamilienvilla Mühlbach bei Gais – 3 Wohneinheit
https://immoweb.it/de/kiens/haus/111174-sanierungsbeduerftiges-alleinstehendes-haus	600000	Sanierungsbedürftiges, alleinstehendes Haus (Ehren
https://immoweb.it/de/kiens/haus/109248-sanierungsbeduerftiges-alleinstehendes-haus	680000	Sanierungsbedürftiges alleinstehendes Haus unter S
https://tschenett.com/de/immobilien-suchen/stilfs-gomagoi-115000-zu-sanierendes-wohnhaus-mit-stall-und-stadel-99949	115000	Stilfs, Gomagoi: zu sanierendes Wohnhaus mit Stall
https://immoweb.it/de/schenna/haus/107389-freistehendes-haus-mit-grund	599000	Freistehendes Haus mit Grund (Obertall, Schenna)
https://immoweb.it/de/st-leonhard-in-passeier/haus/105827-einfamilienhaus-mit-zwei-wohneinheiten-in-gomion-st-leonhard-in-passeier	None	Einfamilienhaus mit zwei Wohneinheiten in Gomion (
https://immoweb.it/de/moos-in-passeier/haus/107344-einfamilienhaus-in-moos-in-passeier	300000	Einfamilienhaus in Moos in Passeier
https://immobiliare.it/de/annunci/128978496	600000	Einfamilienhaus Passeirer Straße, St. Leonhard in 
https://immomarkt-suedtirol.bz/Home-Immobilien/375-tisens-sanierungsbeduerftiges-haus	600000	Tisens: Sanierungsbedürftiges Haus (ehem. Gasthaus
https://immomarkt-suedtirol.bz/wellenzohn/52-prad-am-stilfserjoch-sanierungsbeduerftiges-wohnhaus-im-zentrum-zu-verkaufen	450000	Prad am Stilfserjoch: Sanierungsbedürftiges Wohnha
https://immomarkt-suedtirol.bz/ruthimmobilien/40-modernes-wohnhaus-in-sonniger-panoramalage-im-vinschgau	None	Modernes Wohnhaus in sonniger Panoramalage oberhal
https://immomarkt-suedtirol.bz/Seeber-Immobilien/30-attraktives-baugrundstueck-mit-entwicklungspotenzial-in-niederolang	None	Attraktives Baugrundstück mit Entwicklungspotenzia