https://immobilienscout24.at/expose/6a2faa6d0253df365d5fb550	395000	Ehemaliges Traditionsgasthaus in traumhafter Natur
https://immobilienscout24.at/expose/6a35203c49f165b62eff313a	318000	Wohnhaus Friesach (Einfamilienhaus mit Nebengebäud
https://immobilienscout24.at/expose/6a3503748041a246a6c05115	459000	Wohlfühlen garantiert! Attraktives Wohnhaus mit Ga
https://immobilienscout24.at/expose/6a337d3477638d2a2bdea864	269000	Wohnen an sonnigsten Ort Österreichs (Selbstversor
https://immobilienscout24.at/expose/6a39088ca285f688987a896d	497000	Wohnhaus in erhöhter Aussichtslage mit Panoramabli
https://immobilien.net/immobilie/9633-reisach/neuer-preis-stilvolles-familienhaus-mit-unverbaubarem-blick-auf-die-karnischen-alpen-69f5d2532786f64d52e7bd49	495000	Stilvolles Familienhaus mit unverbaubarem Blick au
https://immobilien.net/immobilie/9623-tratten/einfamilienhaus-in-tratten-6a030243e9613f27f25fc258	239000	Einfamilienhaus in Tratten (Gailtal)
https://immobilien.net/immobilie/9473-lavamuend/preisreduktion-absolute-ruhelage-landwirtschaft-mit-panoramablick-im-sueden-kaerntens-67e68cbeb0a88a61fde3a490	695000	Landwirtschaft mit Panoramablick in absoluter Ruhe
https://immobilien.net/immobilie/9652-birnbaum/grosszuegiges-bauernhaus-mit-viel-grundbesitz-im-lesachtal-nebengebaeude-und-alpenflaeche-inklusive-in-der-natur-6a2f3733f2ccdf265e343063	748000	Großzügiges Bauernhaus mit viel Grundbesitz im Les
https://immobilien.net/immobilie/9623-matschiedl/schoenes-einfamilienhaus-in-herrlicher-suedlage-bei-st-stefan-an-der-gail-69d8d7302308621636724960	414000	Einfamilienhaus in herrlicher Südlage bei St. Stef
https://immobilien.net/immobilie/9634-grafendorf-grafendorf/einfamilienhaus-in-sonniger-lage-mit-viel-platz-im-gruenen-69146a8aa1e119714410d66d	287000	Einfamilienhaus in sonniger Waldrandlage mit Weitb
https://immobilien.net/immobilie/9376-knappenberg/stilvolle-wohlfuehloase-mit-gartenidylle-und-fernblick-in-knappenberg-6a1957408ce9ed357c305c2d	475000	Stilvolle Wohlfühloase mit Gartenidylle und Fernbl
https://immobilien.net/immobilie/9853-fischertratten/charmantes-landhaus-mit-alpenblick-2400-m2-bauland-und-ausbaupotenzial-69e34d1444abf03eb6184c9e	455000	Charmantes Landhaus mit Alpenblick, 2.400 m² Baula
https://immobilien.net/immobilie/9100-voelkermarkt/aussergewoehnliches-refugium-in-ruhe-und-alleinlage-erweiterbar-auf-ca-5-ha-69abf997fb3a4598c5ff58c4	None	Außergewöhnliches Refugium in Ruhe- und Alleinlage
https://immobilienscout24.at/expose/6a3539398041a246a6c0aedc	199000	Charmant. Vielseitig. Besonders. (Oberdrauburg)
https://immobilien.net/immobilie/9170-ferlach/landwirtschaftliches-anwesen-selbstversorgerparadies-in-glainach-bei-ferlach-6a3401f6d3cb345ea04ad53b	890000	Landwirtschaftliches Anwesen - Selbstversorgerpara
https://immobilien.net/immobilie/9072-ludmannsdorf/bauernhaus-mit-zwei-wohneinheiten-in-traumlage-zu-verkaufen-69ca63a41d650b9a8a3a6fd2	675000	Bauernhaus mit zwei Wohneinheiten in Traumlage zu 
https://immobilienscout24.at/expose/68553c7e90db784496a4e3b5	496000	Idyllisches Berghaus in Kärnten: 10 Zimmer, Garten
https://immobilienscout24.at/expose/686aa74697c7b385af1408f4	330000	Charmantes saniertes Altbauhaus mit vielseitigem P
https://immobilienscout24.at/expose/68ff98a2445b6fca205da670	380000	Wohnhaus mit großem Garten (Kötschach-Mauthen)
https://immobilienscout24.at/expose/69fe0271c3a521c369f6c72b	None	Exklusives, autarkes Almchalet in absoluter Allein
https://immobilienscout24.at/expose/6a0317fce9613f27f25ff155	None	Landwirtschaftliches Anwesen mit Chalet im Mölltal
https://immobilienscout24.at/expose/6a2d12d5f2ccdf265e3135c6	None	Wohnen mit Freiraum und Ausblick (Kötschach-Mauthe
https://dibeo.at/expose/barta/h-einfamilienhaus-kauf/ktn/9103/bis600000/2222592/acvblr	548000	Landhaus in Alleinlage bei Diex
https://immowelt.at/expose/445f8809-427e-4055-ac13-cce5167c6362	640000	Bauernhaus mit Wiesen, Wald und Quelle in Techelsb
https://immowelt.at/expose/a9be709a-629d-4de5-b6b0-519cc9b484a9	745000	Arrondierter Bergbauernhof in Alleinlage in den No
https://dibeo.at/expose/rustler/h-einfamilienhaus-kauf/ktn/9371/bis600000/2221945/acvblr	490000	Familienfreundliches Einfamilienhaus im Grünen
https://immobilien.net/immobilie/9951-ainet/charmantes-landhaus-nahe-lienz-69bd1d8758024f5d45e7a001	469000	Charmantes Landhaus nahe Lienz (Ainet)
https://immobilien.net/immobilie/9992-stronach/baugrundstueck-mit-panorama-und-sonnenlage-68527444ef23703af6d8d3c8	180000	Baugrundstueck mit Panorama- und Sonnenlage (Isels
https://immobilienscout24.at/expose/69e34d1444abf03eb6184c9e	455000	Charmantes Landhaus mit Alpenblick, 2.400 m² Baula
https://immobilienscout24.at/expose/678e3d8733159666488b7146	695000	!Preisreduktion! Landleben mit Panoramablick im Sü
https://immobilienscout24.at/expose/68f1fd1e065ebd7fa2afee83	745000	Zurück zum Ursprung – Ihr Hof mit ca. 25 ha - Land
https://immobilienscout24.at/expose/6a2f3733f2ccdf265e343063	748000	Großzügiges Bauernhaus mit viel Grundbesitz im Les
https://immobilienscout24.at/expose/6a3401f6d3cb345ea04ad53b	890000	Landwirtschaftliches Anwesen – Selbstversorgerpara
https://immobilienscout24.at/expose/6a26f0f297f10fa2f481e332	249000	Ihr außergewöhnliches Stück Natur- und Lebensraum 
https://immobilienscout24.at/expose/69918bf2ca490198a660896d	67900	Sonniges Baugrundstück in Wolfsberg (Reichenfels)
https://immobilienscout24.at/expose/6980d3a7397697abf0f6764e	165000	Sonniges, ebenes Baugrundstück in Eberndorf
https://immobilienscout24.at/expose/67064ed4843bffb0c75e9472	145000	Wernberg/Umberg: sonniges Grundstück in ruhiger Au
https://immobilienscout24.at/expose/68527444ef23703af6d8d3c8	180000	Baugrundstück mit Panorama- und Sonnenlage (Strona
https://immobilienscout24.at/expose/6a0c1f466a2e434621014e97	89000	Natur. Ruhe. Freiheit. – Ihr Grundstück in Untertw
https://immobilien.net/immobilie/9062-moosburg-ameisbichl/sonniges-baugrundstueck-in-moosburg-ruhige-lage-am-waldrand-nr-2-691dd178106a682129ce7d55	99000	Sonniges Baugrundstück in Moosburg – Ruhige Lage a
https://immobilien.net/immobilie/9130-kreuth/1380-m2-sonnengrund-in-kreuth-pischeldorf-poggersdorf-688777f9ec8c9035304f254f	99900	1.380 m² Sonnengrund in Kreuth/Pischeldorf/Poggers
https://immobilienscout24.at/expose/69e5ead294cbd602529d6d73	649000	Großes Einfamilienhaus / modernes Design trifft au
https://immobilienscout24.at/expose/6a4aa9dcf76be3b415023bc1	550000	*TOP-Aussicht!* Großzügiges Einfamilienhaus samt l
https://immobilienscout24.at/expose/69e5dbca694996bea3f1f8ea	695000	Wohnhaus mit großem Grundstück – Dölsach
https://immobilienscout24.at/expose/6a4b3824f76be3b41504119b	150000	RUHE UND SONNE GARANTIERT
https://immobilienscout24.at/expose/69b93042f01808b794d3c47a	84000	Sonniges Grundstück mit Potenzial in Gnesau
https://immobilienscout24.at/expose/6a1bdd510aebc4a9d6e1ce04	750000	Seltene Alleinlage mit Aussicht - 3,75 ha am Stadt
https://immowelt.at/expose/378195f8-7cce-43a3-b42e-4c28363a4f3a	675000	Bauernhaus mit zwei Wohneinheiten in Traumlage
https://immobilienscout24.at/expose/69eefe4fc2a9d9b85e9521ef	490000	Sonnenlage im Grünen mit Bergblick
https://immobilien.net/immobilie/9141-eberndorf/sonniges-ebenes-baugrundstueck-in-eberndorf-6980d3a7397697abf0f6764e	165000	Sonniges, ebenes Baugrundstück in Eberndorf
https://immobilienscout24.at/expose/69a54684b62f3ec971e60af0	None	Haus mit Geschichte und viel Potenzial (ehem. Baue
https://immobilienscout24.at/expose/6a16c07505d6bed961b464a7	None	Ehemalige Landwirtschaft mit Nebengebäuden in Sill
https://immobilienscout24.at/expose/698d9134f47e133b8063a76f	258000	Sonniges Landhaus in ruhiger Randlage – Sankt Marg
https://immobilienscout24.at/expose/69a6ed683dcbcb30aa292230	109000	Grundstück in Bestlage in Feldkirchen (Tschwarzen)
https://immobilienscout24.at/expose/69cf052123195a3e4f06b186	180810	Baugrundstück Rennweg am Katschberg (Krangl)
https://immobilienscout24.at/expose/6a29134336d25daf4f635daf	90000	Hinter dem Blau der Berge – Baugrundstück Penk
https://immobilienscout24.at/expose/668c4c12e8f4cb55f9dab55f	189000	Traum vom Eigenheim am Sonnenplateau der Künstlers
https://immobilienscout24.at/expose/666819baf4faa1154bece3d9	92820	Sonniges Baugrundstück mit 1.092 m² bei der Künstl
https://immobilienscout24.at/expose/6a4ce5bfd09b87c3e97e7ecd	110000	BAUGRUNDSTÜCK NAHE VELDEN! Natur, Ruhe & freier Ka
https://immobilienscout24.at/expose/6a4df2dbad4410cb56f6f754	115000	Ein Platz zum Aufatmen in Bad Bleiberg - keine Beb
https://immowelt.at/expose/6c035590-ab3a-42dc-94f6-0b68a3a5fef9	410000	Nettes Einfamilienhaus nähe Hermagor
https://immowelt.at/expose/4e3616d8-8f9e-493b-8c82-a4a4acd4aa74	438000	Wohnhaus mit Werkstätten und Einliegerwohnung in F
https://immowelt.at/expose/53ea19c8-10f6-43cc-a84c-f0faa4019356	480000	Nassfeldnähe stilvolles Herrenhaus
https://immowelt.at/expose/768342e9-6483-40e0-bc07-e0d3643267e9	490000	Einzigartiges Wohnhaus mit durchdachtem Raumkonzep
https://immowelt.at/expose/4cbc72dc-f5f3-4327-a06c-1db7987f5f4f	780000	Einfamilienhaus provisionsfrei in Weißbriach
https://immobilien.net/immobilie/9841-winklern/zuhause-mit-herz-und-aussicht-68ccfe4c4f8fd435cee08a00	None	Zuhause mit Herz und Aussicht
https://immobilien.net/immobilie/9900-lienz/panoramawohnen-in-den-lienzer-dolomiten-69f1e718579ba52c80045b83	None	Panoramawohnen in den Lienzer Dolomiten
https://immobilien.net/immobilie/9545-radenthein-untertweng/natur-ruhe-freiheit-ihr-grundstueck-in-untertweng-sonniges-baugrundstueck-waldflaeche-6a0c1f466a2e434621014e97	89000	Natur. Ruhe. Freiheit. – Sonniges Baugrundstück + 
https://immobilien.net/immobilie/9863-rennweg/hier-planen-und-errichten-wir-unser-gemeinsames-wohnhaus-69cf052123195a3e4f06b186	180810	Baugrundstück Bauland-Dorfgebiet in Rennweg am Kat
https://immobilien.net/immobilie/9831-kleindorf/ein-paradies-fuer-skibegeisterte-695d65292ce8ade46bbf58d8	88000	Großzügiges Grundstück am Fuße des Mölltaler Glets
https://immobilien.net/immobilie/9344-koetschendorf/landwirtschaftliche-kleinliegenschaft-im-gurktal-69d62b748f0e48085a0ea44c	236000	Landwirtschaftliche Kleinliegenschaft mit Bauernha
https://immobilien.net/immobilie/9623-st-stefan-im-gailtal/baugrundstueck-im-gailtal-1007-m2-bauland-in-ruhiger-lage-69ab071548d8a20af8bf8509	78000	Baugrundstück im Gailtal – 1.007 m² Bauland in ruh
https://immobilien.net/immobilie/9623-sankt-stefan-an-der-gail/traumhaftes-baugrundstueck-in-idyllischer-lage-6992ef5eef208ffdeb24040a	146000	Traumhaftes Baugrundstück in idyllischer Lage – St
https://immobilien.net/immobilie/9620-hermagor/bauland-in-schoener-hanglage-681df87c2105a9bab48a9305	60000	Bauland in schöner Hanglage – Hermagor (ca. 1.300 
https://immobilien.net/immobilie/9623-sankt-stefan-an-der-gail/ihr-platz-am-land-grundstueck-in-st-stefan-im-gailtal-694540432dfe7da4d8285d94	118415	Ihr Platz am Land – Grundstück in St. Stefan im Ga
https://immobilien.net/immobilie/9632-oberdoebernitzen/grund-fuer-ihren-wohntraum-6992f68bcc11aae98cd1f42b	48000	Grund für Ihren Wohntraum – Bauparzelle in Kirchba
https://immobilien.net/immobilie/9181-feistritz-im-rosental/kleinlandwirtschaft-in-alleinlage-paradies-fuer-hobbylandwirte-in-feistritz-im-rosental-68e36a7c80c089b8cbb9b47d	315000	Kleinlandwirtschaft in Alleinlage – Blockhaus (Roh
https://immobilien.net/immobilie/9421-gemmersdorf/prachtvolle-liegenschaft-an-der-koralpe-6a134ccef053a8815d1a9ff5	550000	Prachtvolle Liegenschaft an der Koralpe!
https://dibeo.at/expose/seidlimmo/h-einfamilienhaus-kauf/ktn/9220/bis600000/2076222/acvblr	590000	Wohnhaus in ruhiger Lage nähe Saissersee
https://dibeo.at/expose/pro-real/h-einfamilienhaus-kauf/ktn/9753/bis800000/2222593/acvblr	690000	Kanada-Style Rundholz-Neubau, Sonnenseite Drautal 
https://immobilienscout24.at/expose/6a50b3eb1aed5ad902168389	310000	Bauernhäusl und Stall in herrlicher Aussichtslage
https://dibeo.at/expose/remaximpuls/b-grundstueck-kauf/ktn/9851/bis200000/2239284/acvblr	190000	Bauland und Rohbau Wirtschaftsgebäude mit Möglichk
https://dibeo.at/expose/seidlimmo/b-grund-kauf/ktn/9535/bis200000/2014782/acvblr	160000	Sonniges Baugrundstück mit Blick auf die Karawanke
https://dibeo.at/expose/remaxidea/b-grundstueck-kauf/ktn/9220/bis200000/2216529/acvblr	195000	Karawankenblick Grundstück - Velden am Wörthersee
https://dibeo.at/expose/feps/b-grund-kauf/ktn/9065/bis100000/2198865/acvblr	87000	Sonniges Baugrundstück in herrlicher Aussichtslage
https://dibeo.at/expose/remaximpuls/b-grundstueck-kauf/ktn/9872/bis200000/2240145/acvblr	150000	Großzügiges Baugrundstück in sonniger Urlaubsregio
https://dibeo.at/expose/feps/b-grund-kauf/ktn/9344/bis50000/2126018/acvblr	45360	Gurktal Baugrundstück in Weitensfeld zentral und s
https://dibeo.at/expose/immocontractgmbh/b-grundstueck-kauf/ktn/9632/bis100000/2128063/acvblr	50500	Grund für Ihren Wohntraum (Kirchbach im Gailtal)
https://immobilienscout24.at/expose/6a57b334628b4bf9e289ca87	96000	BERG UND FERNBLICK – sonniges Baugrundstück mit Be
https://immobilienscout24.at/expose/6a59b802299960ed09f94227	189300	Preisreduktion! Rückzugsort mit atemberaubendem Pa
https://immobilien.net/immobilie/6a45217d0e6840303b58af91	549000	Wohnhaus am Sonnenplateau des Millstätter Sees – E
https://immobilienscout24.at/expose/6a5a24b2c9195b04ad81716f	125990	Sonnige Baugrundstücke in Spittal an der Drau – Be
https://immobilienscout24.at/expose/6a59fd9dc53965869e44adc4	150000	Großzügiges Baugrundstück in sonniger Urlaubsregio
https://immobilien.net/immobilie/9581-mallenitzen/naturparadies-naehe-faaker-see-mit-12-000m2-grundstueck-69f893002786f64d52ec8e4b	749000	Naturparadies nähe Faaker See mit 12.000 m² Grunds
https://immobilien.net/immobilie/9754-steinfeld/landwirtschaft-mit-traumhafter-suedhanglage-6a5883d70f3fe5ad50da9f2b	690000	Landwirtschaft mit traumhafter Südhanglage
https://immobilienscout24.at/expose/6a4f9aa37b265edf4141f540	287000	Geräumiges Einfamilienhaus in Watschig nähe Nassfe
https://immobilien.net/immobilie/9821-obervellach/grosszuegig-leben-vielseitig-gestalten-hochwertiges-anwesen-mit-perspektive-6a1b2c6cf15b736e8c370587	690000	Großzügig leben. Vielseitig gestalten – hochwertig
https://immobilienscout24.at/expose/6957c18b242cb677e332df8b	859000	Schöne Landwirtschaft mit Doppelwohnhaus in Osttir
https://wohnnet.at/immobilien/grundstueck-9232-rosegg-kauf-297049632	195000	Traumhaftes Baugrundstück in ruhiger Lage von Rose
https://immobilien.net/immobilie/9183-lessach/wohnen-im-gruenen-viel-wohnflaeche-fuer-familien-naturliebhaber-und-kreative-gestalter-68ca8de497d26b1523378b3e	0	Wohnen im Grünen – Einfamilienhaus mit viel Wohnfl
https://immobilienscout24.at/expose/6a47a4ab6674576fa6a840a4	None	Leben, wo andere Urlaub machen - Einfamilienhaus n
https://immobilienscout24.at/expose/6a69bc0ef2590fcf00a3baf2	390000	Gepflegtes Einfamilienhaus mit großzügigem Raumang
https://wohnnet.at/immobilien/grundstueck-9556-liebenfels-kauf-296813950	52000	Sonniges Südhanggrundstück in Liebenfels
https://immowelt.at/expose/e876d555-922d-42cb-afc5-282cf828f044	580000	Zweifamilienhaus mit traumhafter Aussicht auf Lien
https://immowelt.at/expose/1a0d12ec-557d-487d-b1fc-1c52303ff121	479000	Wohnhaus / ehemalige Landwirtschaft in Sillian
https://immobilienscout24.at/expose/6a46608cb22ffea660ce0e38	800000	Bergbauernhof auf der Gerlitzen in sonniger Südhan
https://immobilienscout24.at/expose/6a55f7d3afad9de537035d50	105970	Baugrundstück in sehr guter Lage, Möschach bei Her
https://immobilienscout24.at/expose/6a732d9c88ab692b3ee22416	595000	Amlach – Ein Haus voller Möglichkeiten
https://immmo.at/detail/1557033189	68000	Top Baugrundstück in Guttaring – zentral und gut e
https://immobilienscout24.at/expose/6a67226639525ed9f361a76e	650000	Traumhaft gelegene Landwirtschaft mit Hofstelle in
https://wohnnet.at/immobilien/bauernhof-9071-koettmannsdorf-kauf-297500792	395000	Sanierungsbedürftiger Bauernhof in Köttmannsdorf!
https://immobilienscout24.at/expose/691dd178106a682129ce7d55	99000	Sonniges Baugrundstück in Moosburg - Ruhige Lage a
https://immobilienscout24.at/expose/6939b0add94796cb3324e523	96000	Liebenfels: Perfekter Baugrund am Sonnenhang
https://immobilienscout24.at/expose/6aafe3b6a960fd9d92604219	350000	Historisches Almhaus mit unvergleichlichem Bergpan
https://immobilienscout24.at/expose/6a87037493f592fd39789081	499000	Viel Platz, viele Möglichkeiten: Ein-/Zweifamilien
https://immobilienscout24.at/expose/6a5e538b418d19ff95faf951	325000	Gepflegtes Einfamilienhaus mit 6 Zimmern und Fernb
https://immobilienscout24.at/expose/6a9e4fcdea2a6a3028215c8f	370000	K3 - Einfamilienhaus in guter Wohnlage
https://immobilienscout24.at/expose/6aaad339e3646c705dde8f2f	489000	Wunderbares, großes Wohnhaus in Althofen, Untermar
https://immobilienscout24.at/expose/6aa29da58a8bdd5329d4b7c4	395000	Naturidyll mit Seeblick – ehemalige Schule am Sobo
https://immobilienscout24.at/expose/6a8ea406d7034f0d3ae27e76	185000	Einfamilienhaus in Tratten
https://immobilienscout24.at/expose/6a981c3d6d716f30e1ce1e86	575000	Ein Ort der Stille und Ruhe: Exklusive Ferienresid
https://immobilienscout24.at/expose/6a200c0d634c6a06eb946b0f	498800	Sonniges Einfamilienhaus mit Ferienapartment #Klop
https://immobilienscout24.at/expose/6ab3987fa4b1e97e86f1a703	345000	*** Landleben mit Potenzial in der Südkärntner See
https://immobilienscout24.at/expose/6a68645ac55888fa8f8d55d6	649000	K3 - Elegantes Einfamilienhaus mit italienischem F
https://immobilienscout24.at/expose/68de5b3b8463d317980e8f3a	610000	Neubau in Top Qualität
https://immobilienscout24.at/expose/6aaa3beeebc97680cb50e6af	565000	Exklusive Gelegenheit am Klopeiner See – Mehrgener
https://immobilienscout24.at/expose/6ab4d8034721c3e4cedd78f7	398000	VIEL PLATZ und MÖGLICHKEITEN. Großzügiges Wohnhaus
https://immobilienscout24.at/expose/6ab3ae7ec244adc084e999b7	370000	Preisanpassung - Einfamilienhaus Sonnenlage Bergbl
https://immobilienscout24.at/expose/6ab14815b1208e468bd0fbd4	450000	Poggersdorf Klagenfurtnähe Ein und Mehrfamilienhau
https://immobilienscout24.at/expose/674a23601d5e83a7f09ee7fb	239000	Raumwunder mit viel Gestaltungsmöglichkeit im Kärn
https://immobilienscout24.at/expose/6ab3a443a4b1e97e86f1b5ba	499000	Wo die Ruhe zuhause ist – ein ganz besonderer Rück
https://immobilienscout24.at/expose/6ab3a13fa4b1e97e86f1b310	549000	Rarität – historisches Anwesen mit idyllisch geleg
https://immobilienscout24.at/expose/6ab3a443a4b1e97e86f1b5b2	189000	Viel Raum für neue Ideen – Wohnhaus mit Potenzial 
https://immobilienscout24.at/expose/6a8d59f61395c7137768457d	398000	Landhaus mit viel Potenzial in Radenthein, 15 Zimm
https://immobilienscout24.at/expose/69c7e84f904c46fa91c13832	350000	Charakterstarke Liegenschaft im Gailtal – mit viel
https://immobilienscout24.at/expose/6aae7d5d80dc65d2e8982ae5	540000	Geräumiges Wohnhaus in sonniger, ruhiger Lage – na
https://immobilienscout24.at/expose/6a7708e0b25f5832d5751142	630000	Einfamilienhaus in Villach 220m2 mit Garten und Ca
https://immobilienscout24.at/expose/696a5fd33534093af01d6763	558000	Charmantes Einfamilienhaus mit Wintergarten, Einli
https://immobilienscout24.at/expose/69fe3752a8a5fc789b274451	395000	Immobilie mit viel Platz kaufen – Nähe Villach / O
https://immobilienscout24.at/expose/6a4207b047cf267667868622	400000	Sonniges Familienparadies in Zeltschach – Aussicht
https://immobilienscout24.at/expose/6a8aace7c2277493119c99a2	549000	Provisionsfrei | 195 m² Wohnhaus mit großem Garten
https://immobilienscout24.at/expose/6a918f49b25642ec4f4561ca	462000	Über den Dächern von Millstatt. Seeblick. Sonnige 
https://immobilienscout24.at/expose/69bd7376827301c3476661d1	449800	Architektonisches Meisterwerk – Historisches Natur
https://immobilienscout24.at/expose/6a4e46a0ad4410cb56f79946	590000	Mehrfamilienhaus mit Hofstelle in traumhafter Lage
https://immobilienscout24.at/expose/6ab25459f55ba40ff02dc894	370000	Einziehen und wohlfühlen – modernisiertes Familien
https://immobilienscout24.at/expose/6a734cdf7c23af3912b3ad3c	420000	Wohnen am Millstätter Sonnenplateau – gepflegtes W
https://immobilienscout24.at/expose/6ab3a443a4b1e97e86f1b5b5	598000	Ihr privates Paradies in Spittal an der Drau! Auße
https://immobilienscout24.at/expose/68b57c8d354157c29e987cdd	425000	Großzügiges Wohnhaus Nähe Millstätter See
https://immobilienscout24.at/expose/68be959ba16ae1273d4088f9	438000	Renoviertes Haus mit Einliegerwohnung & B&B-Potenz
https://immobilienscout24.at/expose/69affc5e97c3cbfb65499e53	159000	Natur pur, Alleinlage, Himmelberg
https://immobilienscout24.at/expose/6a8ae8d6bb02baf57b852e12	110000	Grundstück in Guttaring
https://immobilienscout24.at/expose/692eb4c697ea794705345941	189000	Traumhaftes Baugrundstück in idyllischer Lage nahe
https://immobilienscout24.at/expose/686646bbf2f1b4fab5799e4d	61000	1 Grundstück – Ihr neues Zuhause in einer malerisc
https://immobilienscout24.at/expose/6aa13d444f7547c13862870d	144000	1.130 m² Wohnbaugrund in Guttaring – voll erschlos
https://immobilienscout24.at/expose/6a96becb52396f7ef108d2f0	120000	Ihr Traumgrundstück bei Gösselsdorf – ca. 1.206 m²
https://immobilienscout24.at/expose/6ab44a20ecb25972a21e3351	63500	Traumhaftes Baugrundstück 1005 m² in Guttaring, Kä
https://immobilienscout24.at/expose/6ab3ae7ec244adc084e999b4	140000	Bauland am Stadtrand
https://immobilienscout24.at/expose/6a8979d192bdfab1db54eeac	85000	Sonniges, großzügiges Baugrundstück ohne Bauverpfl
https://immobilienscout24.at/expose/69b029a1062bdaa81d1e2ac5	69000	Attraktiver Baugrund in Kraig
https://immobilienscout24.at/expose/69fef961c3a521c369f90646	95000	Natur genießen – Zuhause schaffen! Schönes Grundst
https://immobilienscout24.at/expose/68bff354e034847b948774de	99000	Großes Baugrundstück 1907m² in Feistritz im Rosent
https://immobilienscout24.at/expose/6a621e9763429a2f9fd26a81	128000	Baugrundstücke Nähe Wörthersee – im Keutschacher S
https://immobilienscout24.at/expose/6a1c500e0aebc4a9d6e20dde	135000	Baugrund in Maglern – Gemeinde Arnoldstein
https://immobilienscout24.at/expose/6a86c264032647b6c6f9f2c3	580000	Lienz – Ein Zuhause mit Platz für Mehr
https://immowelt.at/expose/cf2231e4-2ebb-4486-909f-b6e712f382fc	350000	Ländliches Anwesen in idyllischer Alleinlage – Hau
https://immowelt.at/expose/c71037f2-dfaf-46ad-bbfd-0e5173f222c1	380000	Haus 160 m² in ruhiger Südhanglage, Radenthein
https://immowelt.at/expose/83ba2883-eff1-4a16-a285-38cf352f3e5c	449000	Haus 188 m² zum Kauf Brückl
https://immowelt.at/expose/26df6f3a-51c4-4bd4-9a26-5f40840f2376	350000	Haus 223 m² in Eisenkappel-Vellach
https://immowelt.at/expose/2b0db267-03dd-4a5a-85ba-28ee9e4935bd	420000	Haus 246 m² zum Kauf, Arnoldstein
https://immowelt.at/expose/1b8a781b-0511-4648-9579-ff2c2a1e8a43	395000	Haus 280 m² zum Kauf, Paternion
https://immowelt.at/expose/0cfeb516-edd2-40d0-afbe-9edafdf26ec9	570000	Haus 160 m² zum Kauf Obervellach
https://immowelt.at/expose/b8970cb1-d654-44e1-ac0a-7dc5be003bce	259000	Haus 170 m² zum Kauf Bad Bleiberg (Wohnen mit Verm
https://immowelt.at/expose/ee38bcec-942d-43c2-b65c-266ce65d2408	460000	Haus 170 m² zum Kauf Maria Rain
https://immowelt.at/expose/bfa185fe-7044-47c1-939b-d9f5d3eea9d0	450000	Wohnblockhaus 223 m² in Aussichtslage – Haimach be
https://immowelt.at/expose/a18c1837-2bee-4a05-870e-25cc3e06d889	529000	Haus 217 m² zum Kauf Wernberg
https://immowelt.at/expose/3dc190c1-1408-4e67-8597-5332500459e4	519000	Haus 220 m² zum Kauf, Völkermarkt (9121)
https://immowelt.at/expose/9a92248f-211f-4c4d-89f4-faa94d473ed3	74900	Grundstück zum Kauf Kappel am Krappfeld (Passering
https://immowelt.at/expose/d0b3a319-7be0-443b-870e-d61793de7d63	86000	Waldgrundstück 3,5 ha Trebesing
https://immowelt.at/expose/b7ca96de-9a65-43bd-af31-3365d65558d9	118500	Grundstück 1.394 m² zum Kauf Lurnfeld
https://immowelt.at/expose/e6aeeea5-7d18-4ce2-a500-ac17cbc2b334	49500	Grundstück 1.501 m² zum Kauf Feldkirchen in Kärnte
https://immowelt.at/expose/5d732fb8-4766-4b39-8db3-70f3a9363349	137500	Grundstück 1.740 m² zum Kauf Moosburg
https://immowelt.at/expose/f4cf5b98-da9c-4a8d-a691-b066b7baed7e	550000	Haus 190 m² zum Kauf Finkenstein am Faaker See