https://immobilienscout24.at/expose/6a18469f1f6f14ada87b9de0	550000	Ihr neues Zuhause in Pfunds – Ruhe, Natur und Lebe
https://immowelt.at/expose/c4312090-1721-4823-b084-96f152aa1f10	535000	Familienhaus auf großem Grundstück in ruhiger Lage
https://immowelt.at/expose/d32e26fe-244a-4689-a6e9-1715c5f31331	None	Saniertes Einfamilienhaus auf 1.627 m² Traumgrunds
https://immowelt.at/expose/bd91991e-0da7-46c2-ac8a-24ce5d0687f8	None	Einfamilienhaus mit Pool in naturnaher Lage
https://immowelt.at/expose/352e51cf-66f5-495f-84fb-b0060b04f11c	None	Montafon – Chalet mit Bergkulisse (SPA/Pool)
https://immodirekt.at/immobilie/698075ba4d1c148fa71d1cc3	None	Bauernhaus in ruhiger Lage (renovierungsbedürftig)
https://immowelt.at/expose/a81dab86-bf94-4a5c-9ad0-986aab80f3fa	None	Familien-Highlight mit Potenzial samt mediterranem
https://immobilienscout24.at/expose/6a37b1b0584ccc48d2f2e4bf	None	Grosses Grundstueck in sonniger Hanglage mit traum
https://immowelt.at/expose/22939f25-f1fb-4986-ab8b-dd33a8b5f590	None	Grosszuegiges Ferienhaus in Pistennaehe! (Tschengl
https://immowelt.at/expose/74547f87-ac56-4b75-915d-bb3665a72eac	None	Villa & Natur vereint - Grosszuegiges Anwesen in b
https://immowelt.at/expose/75e3acc4-e166-4d38-8cdf-94635932fb16	None	Einfamilienhaus Nenzing
https://immowelt.at/expose/761c7bee-887c-4849-99c9-52492f1db370	670000	Waldchalet Pfunds - provisionsfrei - inmitten der 
https://immowelt.at/expose/76734f59-e6fc-48c3-8fd7-5c8094a9cb40	675000	Gemuetliches Holzhaus mit fantastischem Ausblick
https://immowelt.at/expose/a362f911-cf9c-4c09-ac63-50b83235ed9d	None	Freizeitwohnsitz - Charmantes Wohnhaus auf grossem
https://dibeo.at/expose/2205557	696592	Einfamilienhaus mit 1.301 qm Grund in Vandans
https://immodirekt.at/immobilie/6541-toesens/ihr-privater-park-im-herzen-von-toesens-grosszuegiges-wohnen-mit-entwicklungspotenzial-in-best-lage-69c7a9a7904c46fa91c11014	728000	Ihr privater Park im Herzen von Tösens – Großzügig
https://immowelt.at/expose/ab4837d3-050a-4db5-8d3d-3bb4aa408bb2	645000	Attraktives Einfamilienhaus in Top-Aussichtslage
https://immobilienscout24.at/expose/6a30ec7fc63c6a17cc2fa0d7	495000	Sonniges Familienidyll mit weitläufigem Garten
https://immo.tt.com/immobilien/haus/bauern-undlandhaus/tirol/landeck/352312	349000	Rarität: Historischer Einhof in Schnann – Denkmalg
https://immobilien.net/immobilie/6541-toesens/ihr-privater-park-im-herzen-von-toesens-grosszuegiges-wohnen-mit-entwicklungspotenzial-in-best-lage-69c7a9a7904c46fa91c11014	728000	Großzügiges Einfamilienhaus mit privatem Park in T
https://immobilien.net/immobilie/6542-pfunds/waldchalet-pfunds-provisionsfrei-inmitten-der-atemberaubenden-berglandschaft-tirols-69f2efdc897bd2a11f553783	670000	Waldchalet Pfunds – provisionsfrei, keine direkten
https://immobilien.net/immobilie/6714-nueziders/saniertes-einfamilienhaus-auf-1627-m2-grossem-traumgrundstueck-69c4f93bb4edae4658d418d9	None	Saniertes Einfamilienhaus auf 1.627 m², Nüziders (
https://immobilien.net/immobilie/6710-nenzing/natur-und-luxus-vereint-einfamilienhaus-in-perfekter-lage-6814671a9d15f9cf239b0415	None	Einfamilienhaus mit Pool auf 1.785 m², Nenzing (Wa
https://immobilien.net/immobilie/6460-imst/neuer-preis-familientraum-in-imst-gunglgruen-natur-pur-direkt-vor-der-haustuer-69f30d16959fe195d605378c	650000	Neuer Preis! Familientraum in Imst Gunglgrün – Nat
https://immobilienscout24.at/expose/69c4f93bb4edae4658d418d9	None	Saniertes Einfamilienhaus auf 1.627 m² großem Trau
https://immobilienscout24.at/expose/6a3bcb1a5da51a0bdcfbaa7a	None	Traumhaftes Refugium: Raum & Komfort in Perfektion
https://immobilienscout24.at/expose/69fadfa5a6da86a518deed4f	535000	Wohnen mit Herz – Familienhaus auf großem Grundstü
https://egger-immobilien.at/immobilien/haus-einfamilienhaus-in-blons-kaufen-2026-350	675000	Gemütliches Holzhaus mit fantastischem Ausblick (B
https://immowelt.at/expose/cd803fcb-aaef-4ec3-897c-1060a02be42c	890000	Einfamilienhaus in Krumbach (Unterkrumbach 299), v
https://immobilien.net/immobilie/6542-pfunds/ihr-neues-zuhause-in-pfunds-ruhe-natur-und-lebensqualitaet-6a18469f1f6f14ada87b9de0	550000	Ihr neues Zuhause in Pfunds – Ruhe, Natur und Lebe
https://immmo.at/detail/1538777883?c=0	769000	Wohnen mit Aussicht: Haus in sonniger Lage über de
https://immobilien.net/immobilie/6416-obsteig/raritaet-haus-in-ruhigem-weiler-am-mieminger-plateau-6a018c0284436e3d98334bbd	835000	Rarität: Haus in ruhigem Weiler am Mieminger Plate
https://immmo.at/detail/1547684941	135000	Raum für dein Eigenheim! Großzügiges Baugrundstück
https://laendleimmo.at/immobilien/grundstuck/baugrundstuck/vorarlberg/bludenz/1NRk91AfEn3	179000	Baugrundstück mit Freifläche in Thüringen
https://immobilienscout24.at/expose/68ad6ffb55c9a98f863f3f24	129500	Erstklassiger Baugrund in Nassereith – Grundstück 
https://immobilienscout24.at/expose/6a39812c81af2ba6547dad0b	None	Charmantes Wohnhaus auf großem Grundstück (Mieming
https://immowelt.at/expose/9a2d2c66-840e-45ba-a8ba-be74ec880deb	None	Exklusives Ferienwohnhaus mit großzügigem Grundstü
https://immmo.at/detail/1546760279?c=0	499000	Grundstück mit Altbestand (Einfamilienhaus) in Ste
https://immobilienscout24.at/expose/6a4cca8ee2a39efc84a730f3	696592	Großzügiges Einfamilienhaus mit Einliegerwohnung u
https://immobilienscout24.at/expose/69bfdd4b1e981b55567c09ff	None	Renovierungsbedürftiges Einfamilienhaus mit Garten
https://immobilienscout24.at/expose/6a10407299b5378afb1a39ba	499000	Grundstück mit Altbestand (Steinach am Brenner)
https://immobilienscout24.at/expose/6a48af5e6674576fa6aa986c	790000	MODERNES Einfamilienhaus. Großzügiges Raumangebot.
https://laendleimmo.at/immobilien/haus/einfamilienhaus/vorarlberg/feldkirch/Bh8D3rqI1oX	None	Der Berg ruft – Lebensqualität auf höchstem Niveau
https://laendleimmo.at/immobilien/haus/einfamilienhaus/vorarlberg/bludenz/H8adNnoAE9x	None	Großzügiges Ferienhaus in Pistennähe! (Tschengla)
https://immobilienscout24.at/expose/68400193e588b6ade5e0775f	143500	Bereit für Ihr Traumhaus – 410 m² Baugrund voll er
https://immowelt.at/expose/286a5b71-81e5-441b-be4b-470329411151	191800	Baugrundstück 548 m² mit Süd-Ausrichtung, voll ers
https://immowelt.at/expose/888d9226-903f-468b-bd66-29ab0495da33	178000	Naturnah wohnen – Grundstück in Waldrandlage in Pr
https://laendleimmo.at/immobilien/grundstuck/baugrundstuck/vorarlberg/bludenz/42fffPvB4i1	None	Großzügiger Baugrund in traumhafter Aussichtslage 
https://immobilienscout24.at/expose/69fdaf36a8a5fc789b25f1ef	769000	Wohnen mit Aussicht: Haus in sonniger Lage über de
https://immobilienscout24.at/expose/6a3251ae5a89a5f0aa8e38d7	795000	Neuwertiges Einfamilienhaus in Traumlage (Tannheim
https://immobilienscout24.at/expose/6a4b651bf76be3b415044e9f	685000	Die Mühle am rauschenden Bach (Höfen bei Reutte)
https://immowelt.at/expose/e99083de-ac13-4f73-973e-0574a7773632	728000	Ihr privater Park in Tösens – großzügiges Einfamil
https://immowelt.at/expose/22dd4e5c-2380-4014-aa67-d55d8a77d934	315000	Sanierungsobjekt mit Charakter – traditioneller Ba
https://laendleimmo.at/immobilien/haus/bauern-und-landhaus/vorarlberg/bludenz/GRaCd473jLl	None	Montafoner Bauernhaus (Hauptwohnsitz), Sonnenhang 
https://laendleimmo.at/immobilien/haus/einfamilienhaus/vorarlberg/bregenz/DgYb8fs3MVF	849000	Außergewöhnliches Wohnhaus mit Wellnessbereich und
https://immobilienscout24.at/expose/6a4d1498e9fdfaf04d8b2cd6	315000	Sanierungsobjekt mit Charakter – Traditioneller Ba
https://immobilienscout24.at/expose/6a463ca673ae1e39c052e60a	None	Wohnen am Sonnberg – Haus mit Sanierungspotenzial
https://immosuchmaschine.at/expose/45578036	None	Einmalige Gelegenheit – charmantes Einfamilienhaus
https://immobilienscout24.at/expose/6a354d8c8041a246a6c0c18d	549000	RESERVIERT!!! Wohnen im Herzen von Perjen – Charma
https://immobilienscout24.at/expose/6a4f8c20986073224699429c	320000	Echte Rarität mit Ferienwohnsitzwidmung – Montafon
https://immobilien.net/immobilie/6a4bed3d6674576fa6b05507	799000	Einzigartiges Chalet mit Freizeitwohnsitz in Barth
https://laendleimmo.at/immobilien/grundstuck/baugrundstuck/vorarlberg/bludenz/197424	200000	PROVISIONSFREI – Baugrundstück in sonniger Lage in
https://immobilienscout24.at/expose/6a1d4344994c1430127e253f	740000	Attraktives Einfamilienhaus in begehrter Lage von 
https://immobilienscout24.at/expose/6a351be88041a246a6c088ca	789000	Großzügiges Haus mit Wintergarten, Kamin und Garte
https://immobilienscout24.at/expose/6a30093ca003cef3f4ba0259	719000	Raumwunder in Nenzing zu verkaufen!
https://immobilienscout24.at/expose/69fc7dbad7a62a7ae4c08fb9	615000	Wohnhaus mit Werkstatt/Garage
https://immobilienscout24.at/expose/6a550203030fad82cc56ba99	None	Schönes Einfamilienhaus mit Einliegerwohnung
https://laendleimmo.at/immobilien/haus/einfamilienhaus/vorarlberg/bregenz/KI5CxsNegRl	699000	Mehr Raum fürs Leben – Einfamilienhaus mit Einlieg
https://laendleimmo.at/immobilien/haus/einfamilienhaus/vorarlberg/bregenz/262595	310000	Grundstück mit Altbestand (Krumbach)
https://immobilienscout24.at/expose/6a575069628b4bf9e28907d6	690000	Bauernhaus in Sulzberg
https://immobilienscout24.at/expose/669a6591f711f5bf07edbac8	595000	Schönes und liebevoll erhaltenes Wohnhaus am Einga
https://immo.tt.com/immobilien/haus/einfamilienhaus/tirol/imst/EE4kAwFkm0H	None	Exklusives Wohnhaus mit großzügigem Grundstück, We
https://immobilien.derstandard.at/detail/15204563	None	Grosszuegiges Wohnen in unverbaubarer Aussichtslag
https://immobilienscout24.at/expose/6a3508fc49f165b62eff0a9f	None	Grosszuegiger Baugrund in Nenzing (Gurtis)
https://immobilienscout24.at/expose/6a56694eafad9de53704441e	520000	Naturruhe im Tiroler Blockhaus – Boden
https://laendleimmo.at/immobilien/haus/bauern-und-landhaus/vorarlberg/bregenz/3wNr1TjqpUn	690000	Sulzberg: Bauernhaus in ruhiger Lage
https://immmo.at/detail/1538777883	769000	Wohnen mit Aussicht: Haus in sonniger Lage ueber d
https://immobilienscout24.at/expose/6a50ad18708bc8c914d1c34c	695000	Naturnahes Wohnhaus mit großem Grundstück
https://immobilienscout24.at/expose/6a43a1d9413acda9d56f9495	640000	Großzügiges Einfamilienhaus mit vielseitigen Nutzu
https://laendleimmo.at/immobilien/haus/einfamilienhaus/vorarlberg/bludenz/FREnMVIwISH	699000	Großzügiges Einfamilienhaus in erhöhter Lage von B
https://immowelt.at/expose/bfeee7d8-eda8-4da0-ba3c-9e1e6176eb9e	649000	Bauernhaus mit unverbaubarem Dolomitenblick
https://immowelt.at/expose/56ef4d91-e153-4e55-b71a-46461f58affc	885000	Wohnhaus (Rundbau) in Alleinlage im Naturpark - El
https://immmo.at/detail/1544132030	300000	Wohnhaus mit grosser Gartenflaeche in unverbaubare
https://immobilienscout24.at/expose/6a1ff2a96e1cc215dcd05803	None	Viel Platz, viele Möglichkeiten – das ideale Famil
https://immowelt.at/expose/fb8a3efb-f493-44fb-913e-e2453a3c1fe8	689000	Einfamilienhaus in absoluter Alleinlage in Hochfüg
https://immowelt.at/expose/2a398137-c7a0-493b-b05b-2943be99aeb4	690000	Einfamilienhaus in Klösterle am Arlberg / Klostert
https://immobilienscout24.at/expose/6aaa36b5d992529ea2af3e1b	469000	Wohnen mit Geschichte, Raum und Zukunftsperspektiv
https://immobilienscout24.at/expose/6aa14f274f7547c13862b287	590000	Renovierungsbedürftiges Haus mit vielseitigem Entw
https://immobilienscout24.at/expose/6aacd9dd19fd066e52964b21	650000	Charmantes Haus im Tiroler Ötztal mit einer oder z
https://immobilienscout24.at/expose/6a8bf768adb9b66ebd5152ff	680000	Großzügig. Naturnah. Lebenswert. – Einfamilienhaus
https://immobilienscout24.at/expose/6ab3abada4b1e97e86f1c2c1	850000	Traumhaftes Einfamilienhaus mit großzügigem Garten
https://immobilien.net/immobilie/6464-tarrenz-dollinger/mehrgenerationshaus-mit-entwicklungspotenzial-6a69d99af859f7cd694114fd	650000	Mehrgenerationshaus mit Entwicklungspotenzial
https://dibeo.at/expose/2244179	750000	Viel Platz, viele Möglichkeiten – Mehrfamilienhaus
https://immobilien.net/immobilie/6671-weissenbach/vielseitig-nutzbares-grundstueck-mit-altbestand-6a2636ff94f0d67cfae5533d	495000	Vielseitig nutzbares Grundstück mit Altbestand
https://immmo.at/detail/1455008334	None	Einfamilienhaus in Krumbach
https://laendleimmo.at/immobilien/haus/bauern-und-landhaus/vorarlberg/bregenz/8zISyhuARgv	None	Bregenzerwälderhaus mit Atelier in sonniger Allein
https://immobilienscout24.at/expose/6aad12729c3b63bfc254783e	None	Naturidyll mit Weitblick in Frastanz: EFH auf 2.17
https://immowelt.at/expose/dfaf51e8-0379-4e00-8d7e-25086924543d	None	Landwirtschaftliches Anwesen in Alleinlage – Hinte
https://immobilienscout24.at/expose/6a71ab05e8a44f90af3a1405	None	Einzigartiges Architektenhaus in traumhafter Hangl
https://immobilienscout24.at/expose/6a90c11e197bd1deb807fc8b	750000	Haus mit viel Potential
https://immobilienscout24.at/expose/699bde3c38f831cc11c07c42	750000	Mehrfamilienhaus in sonniger Höhenlage mit Bergpan
https://immobilienscout24.at/expose/6a9131b02a3db5a8be97ba18	435000	Großzügiges Wohnhaus mit Ausbaupotenzial in Fließ 
https://immobilienscout24.at/expose/6a50a8fc1aed5ad9021673a3	639000	Haus in Omes 180m² mit Garten, Garage und atembera
https://immobilienscout24.at/expose/6a7b1292a3092479cfce5ce4	620000	Großzügiges Einfamilienhaus mit tollem Garten in r
https://immobilienscout24.at/expose/698a0cbd6670f9a748929385	410000	Schmuckes Häuschen mit traumhafter Aussicht in Nen
https://immobilienscout24.at/expose/69eeff9593e5add58461403d	365000	Ein Haus mit Geschichte – Ehemaliges Bauernhaus in
https://immobilienscout24.at/expose/6a5a2072c9195b04ad816e38	650000	Bebautes Grundstück am Sonnenhang von Sulzberg (eh
https://immobilienscout24.at/expose/6811caf9af887b6243a45fc6	625000	Haus oder Wohnung
https://immowelt.at/expose/979ba78e-3458-4410-96d6-b837a523e3eb	495000	Einfamilienhaus zum Kauf (Wohnen mit Herz – neu po